Dataset, Balancing, Feature Selection, Training Release, Classifier, Training% of total, Positive% in training, Positive% in testing, TP, FP, TN, FN, Precision, Recall, Auc, kappa
BOOKKEEPER, None, None, 2, NaiveBayes, 45.42372881355932, 58.95522388059702, 60.66252587991718, 170.0, 184.0, 109.0, 20.0, 0.480225988700565, 0.8947368421052632, 0.8278516256511587, 0.2316114542391914
BOOKKEEPER, None, None, 2, RandomForest, 45.42372881355932, 58.95522388059702, 60.66252587991718, 165.0, 9.0, 284.0, 25.0, 0.9482758620689655, 0.868421052631579, 0.9727591162205856, 0.8502899026364731
BOOKKEEPER, None, None, 2, IBk, 45.42372881355932, 58.95522388059702, 60.66252587991718, 174.0, 16.0, 277.0, 16.0, 0.9157894736842105, 0.9157894736842105, 0.930878390515538, 0.8611819651517874
BOOKKEEPER, None, None, 3, NaiveBayes, 56.58567774936062, 59.887005649717516, 56.553755522827686, 267.0, 180.0, 204.0, 28.0, 0.5973154362416108, 0.9050847457627119, 0.8343573446327683, 0.4117490253573689
BOOKKEEPER, None, None, 3, RandomForest, 56.58567774936062, 59.887005649717516, 56.553755522827686, 180.0, 0.0, 384.0, 115.0, 1.0, 0.6101694915254238, 0.9365421963276837, 0.639038483762857
BOOKKEEPER, None, None, 3, IBk, 56.58567774936062, 59.887005649717516, 56.553755522827686, 221.0, 15.0, 369.0, 74.0, 0.9364406779661016, 0.7491525423728813, 0.8570709745762712, 0.7269383531623206
BOOKKEEPER, None, None, 4, NaiveBayes, 69.72804279982167, 58.43989769820972, 56.70103092783505, 278.0, 234.0, 151.0, 16.0, 0.54296875, 0.9455782312925171, 0.9023942044350207, 0.3105703076135782
BOOKKEEPER, None, None, 4, RandomForest, 69.72804279982167, 58.43989769820972, 56.70103092783505, 294.0, 1.0, 384.0, 0.0, 0.9966101694915255, 1.0, 0.9989486703772418, 0.9970018236330479
BOOKKEEPER, None, None, 4, IBk, 69.72804279982167, 58.43989769820972, 56.70103092783505, 294.0, 1.0, 384.0, 0.0, 0.9966101694915255, 1.0, 0.9987012987012988, 0.9970018236330479
BOOKKEEPER, None, None, 5, NaiveBayes, 72.68308489954633, 57.91350869371378, 47.21233689205219, 419.0, 240.0, 158.0, 26.0, 0.6358118361153262, 0.9415730337078652, 0.9115295579018688, 0.3484521824024733
BOOKKEEPER, None, None, 5, RandomForest, 72.68308489954633, 57.91350869371378, 47.21233689205219, 346.0, 2.0, 396.0, 99.0, 0.9942528735632183, 0.7775280898876404, 0.9977528089887641, 0.7626867793265493
BOOKKEEPER, None, None, 5, IBk, 72.68308489954633, 57.91350869371378, 47.21233689205219, 445.0, 5.0, 393.0, 0.0, 0.9888888888888889, 1.0, 0.9937185929648241, 0.9880927157930421
BOOKKEEPER, None, None, 6, NaiveBayes, 77.94897701439758, 54.99027867790019, 48.911798396334476, 428.0, 254.0, 173.0, 18.0, 0.6275659824046921, 0.9596412556053812, 0.9240661198685164, 0.3691392136025505
BOOKKEEPER, None, None, 6, RandomForest, 77.94897701439758, 54.99027867790019, 48.911798396334476, 445.0, 26.0, 401.0, 1.0, 0.9447983014861996, 0.9977578475336323, 0.9998109660684092, 0.9380377435865082
BOOKKEEPER, None, None, 6, IBk, 77.94897701439758, 54.99027867790019, 48.911798396334476, 445.0, 21.0, 406.0, 1.0, 0.9549356223175965, 0.9977578475336323, 0.9742887598323899, 0.9495248407375481
BOOKKEEPER, None, None, 7, NaiveBayes, 81.2102564102564, 53.64991159383683, 81.87772925764192, 160.0, 544.0, 206.0, 6.0, 0.22727272727272727, 0.963855421686747, 0.7422650602409638, 0.10545604340970749
BOOKKEEPER, None, None, 7, RandomForest, 81.2102564102564, 53.64991159383683, 81.87772925764192, 166.0, 317.0, 433.0, 0.0, 0.34368530020703936, 1.0, 0.8985823293172691, 0.3311373604098331
BOOKKEEPER, None, None, 7, IBk, 81.2102564102564, 53.64991159383683, 81.87772925764192, 166.0, 302.0, 448.0, 0.0, 0.3547008547008547, 1.0, 0.7993333333333333, 0.34966429068477173
BOOKKEEPER, None, BestFirst, 2, NaiveBayes, 45.42372881355932, 58.95522388059702, 60.66252587991718, 140.0, 41.0, 252.0, 50.0, 0.7734806629834254, 0.7368421052631579, 0.8526854679360517, 0.6019218751415143
BOOKKEEPER, None, BestFirst, 2, RandomForest, 45.42372881355932, 58.95522388059702, 60.66252587991718, 163.0, 0.0, 293.0, 27.0, 1.0, 0.8578947368421053, 0.9767648643793785, 0.8798717747952727
BOOKKEEPER, None, BestFirst, 2, IBk, 45.42372881355932, 58.95522388059702, 60.66252587991718, 178.0, 24.0, 269.0, 12.0, 0.8811881188118812, 0.9368421052631579, 0.9274654212322615, 0.8455443433769186
BOOKKEEPER, None, BestFirst, 3, NaiveBayes, 56.58567774936062, 59.887005649717516, 56.553755522827686, 150.0, 15.0, 369.0, 145.0, 0.9090909090909091, 0.5084745762711864, 0.8559366172316384, 0.4946741708916692
BOOKKEEPER, None, BestFirst, 3, RandomForest, 56.58567774936062, 59.887005649717516, 56.553755522827686, 189.0, 0.0, 384.0, 106.0, 1.0, 0.6406779661016949, 0.925825388418079, 0.6685150557740667
BOOKKEEPER, None, BestFirst, 3, IBk, 56.58567774936062, 59.887005649717516, 56.553755522827686, 235.0, 19.0, 365.0, 60.0, 0.9251968503937008, 0.7966101694915254, 0.8649982344632768, 0.759361359466334
BOOKKEEPER, None, BestFirst, 4, NaiveBayes, 69.72804279982167, 58.43989769820972, 56.70103092783505, 289.0, 115.0, 270.0, 5.0, 0.7153465346534653, 0.9829931972789115, 0.9867656153370439, 0.6553153686704174
BOOKKEEPER, None, BestFirst, 4, RandomForest, 69.72804279982167, 58.43989769820972, 56.70103092783505, 280.0, 1.0, 384.0, 14.0, 0.99644128113879, 0.9523809523809523, 0.9989575050799541, 0.9547729321438562
BOOKKEEPER, None, BestFirst, 4, IBk, 69.72804279982167, 58.43989769820972, 56.70103092783505, 282.0, 1.0, 384.0, 12.0, 0.9964664310954063, 0.9591836734693877, 0.9993550667020055, 0.9608348603907195
BOOKKEEPER, None, BestFirst, 5, NaiveBayes, 72.68308489954633, 57.91350869371378, 47.21233689205219, 440.0, 123.0, 275.0, 5.0, 0.7815275310834814, 0.9887640449438202, 0.9865112077240134, 0.6905304094942555
BOOKKEEPER, None, BestFirst, 5, RandomForest, 72.68308489954633, 57.91350869371378, 47.21233689205219, 288.0, 0.0, 398.0, 157.0, 1.0, 0.647191011235955, 0.9985912709615493, 0.6339840541594418
BOOKKEEPER, None, BestFirst, 5, IBk, 72.68308489954633, 57.91350869371378, 47.21233689205219, 445.0, 8.0, 390.0, 0.0, 0.9823399558498896, 1.0, 0.9926853367963413, 0.980940753552413
BOOKKEEPER, None, BestFirst, 6, NaiveBayes, 77.94897701439758, 54.99027867790019, 48.911798396334476, 433.0, 153.0, 274.0, 13.0, 0.7389078498293515, 0.9708520179372198, 0.9711723254324152, 0.6168461017809552
BOOKKEEPER, None, BestFirst, 6, RandomForest, 77.94897701439758, 54.99027867790019, 48.911798396334476, 445.0, 25.0, 402.0, 1.0, 0.9468085106382979, 0.9977578475336323, 0.9998529736087628, 0.9403356219836605
BOOKKEEPER, None, BestFirst, 6, IBk, 77.94897701439758, 54.99027867790019, 48.911798396334476, 445.0, 22.0, 405.0, 1.0, 0.9528907922912205, 0.9977578475336323, 0.9651888764033144, 0.9472278802055272
BOOKKEEPER, None, BestFirst, 7, NaiveBayes, 81.2102564102564, 53.64991159383683, 81.87772925764192, 162.0, 453.0, 297.0, 4.0, 0.2634146341463415, 0.9759036144578314, 0.8546867469879518, 0.18114456511533283
BOOKKEEPER, None, BestFirst, 7, RandomForest, 81.2102564102564, 53.64991159383683, 81.87772925764192, 166.0, 317.0, 433.0, 0.0, 0.34368530020703936, 1.0, 0.8883895582329318, 0.3311373604098331
BOOKKEEPER, None, BestFirst, 7, IBk, 81.2102564102564, 53.64991159383683, 81.87772925764192, 166.0, 315.0, 435.0, 0.0, 0.34511434511434513, 1.0, 0.8842008032128514, 0.3335643015521063
BOOKKEEPER, UnderSampling, None, 2, NaiveBayes, 45.42372881355932, 58.95522388059702, 60.66252587991718, 172.0, 185.0, 108.0, 18.0, 0.48179271708683474, 0.9052631578947369, 0.8235764325489492, 0.2372161411534063
BOOKKEEPER, UnderSampling, None, 2, RandomForest, 45.42372881355932, 58.95522388059702, 60.66252587991718, 169.0, 16.0, 277.0, 21.0, 0.9135135135135135, 0.8894736842105263, 0.9707831866355308, 0.8387457703586737
BOOKKEEPER, UnderSampling, None, 2, IBk, 45.42372881355932, 58.95522388059702, 60.66252587991718, 175.0, 33.0, 260.0, 15.0, 0.8413461538461539, 0.9210526315789473, 0.9042123226154123, 0.7951834902910049
BOOKKEEPER, OverSampling, None, 2, NaiveBayes, 45.42372881355932, 58.95522388059702, 60.66252587991718, 174.0, 229.0, 64.0, 16.0, 0.4317617866004963, 0.9157894736842105, 0.8178282737560625, 0.11212569121917186
BOOKKEEPER, OverSampling, None, 2, RandomForest, 45.42372881355932, 58.95522388059702, 60.66252587991718, 168.0, 33.0, 260.0, 22.0, 0.835820895522388, 0.8842105263157894, 0.9567001975929585, 0.7638099810621215
BOOKKEEPER, OverSampling, None, 2, IBk, 45.42372881355932, 58.95522388059702, 60.66252587991718, 172.0, 46.0, 247.0, 18.0, 0.7889908256880734, 0.9052631578947369, 0.8507993533321359, 0.7293738618854182
BOOKKEEPER, SMOTE, None, 2, NaiveBayes, 45.42372881355932, 58.95522388059702, 60.66252587991718, 172.0, 191.0, 102.0, 18.0, 0.4738292011019284, 0.9052631578947369, 0.8252559726962457, 0.21842844865630734
BOOKKEEPER, SMOTE, None, 2, RandomForest, 45.42372881355932, 58.95522388059702, 60.66252587991718, 182.0, 31.0, 262.0, 8.0, 0.8544600938967136, 0.9578947368421052, 0.9706484641638226, 0.8343402896868322
BOOKKEEPER, SMOTE, None, 2, IBk, 45.42372881355932, 58.95522388059702, 60.66252587991718, 175.0, 21.0, 272.0, 15.0, 0.8928571428571429, 0.9210526315789473, 0.925633195617029, 0.8446917594097786
BOOKKEEPER, UnderSampling, None, 3, NaiveBayes, 56.58567774936062, 59.887005649717516, 56.553755522827686, 273.0, 226.0, 158.0, 22.0, 0.5470941883767535, 0.9254237288135593, 0.8269288488700565, 0.311888066166495
BOOKKEEPER, UnderSampling, None, 3, RandomForest, 56.58567774936062, 59.887005649717516, 56.553755522827686, 204.0, 15.0, 369.0, 91.0, 0.9315068493150684, 0.6915254237288135, 0.9288797669491525, 0.6725418114979345
BOOKKEEPER, UnderSampling, None, 3, IBk, 56.58567774936062, 59.887005649717516, 56.553755522827686, 236.0, 27.0, 357.0, 59.0, 0.8973384030418251, 0.8, 0.8667858403954802, 0.7389768988699758
BOOKKEEPER, OverSampling, None, 3, NaiveBayes, 56.58567774936062, 59.887005649717516, 56.553755522827686, 273.0, 205.0, 179.0, 22.0, 0.5711297071129707, 0.9254237288135593, 0.8223870056497176, 0.3653081981659233
BOOKKEEPER, OverSampling, None, 3, RandomForest, 56.58567774936062, 59.887005649717516, 56.553755522827686, 199.0, 15.0, 369.0, 96.0, 0.9299065420560748, 0.6745762711864407, 0.927392302259887, 0.6564000164120519
BOOKKEEPER, OverSampling, None, 3, IBk, 56.58567774936062, 59.887005649717516, 56.553755522827686, 207.0, 23.0, 361.0, 88.0, 0.9, 0.7016949152542373, 0.8275556144067797, 0.6586162382516136
BOOKKEEPER, SMOTE, None, 3, NaiveBayes, 56.58567774936062, 59.887005649717516, 56.553755522827686, 270.0, 215.0, 169.0, 25.0, 0.5567010309278351, 0.9152542372881356, 0.845899540960452, 0.33067729083665354
BOOKKEEPER, SMOTE, None, 3, RandomForest, 56.58567774936062, 59.887005649717516, 56.553755522827686, 244.0, 28.0, 356.0, 51.0, 0.8970588235294118, 0.8271186440677966, 0.9320753884180791, 0.7610784230757238
BOOKKEEPER, SMOTE, None, 3, IBk, 56.58567774936062, 59.887005649717516, 56.553755522827686, 221.0, 16.0, 368.0, 74.0, 0.9324894514767933, 0.7491525423728813, 0.8562676553672316, 0.7239812464430574
BOOKKEEPER, UnderSampling, None, 4, NaiveBayes, 69.72804279982167, 58.43989769820972, 56.70103092783505, 281.0, 268.0, 117.0, 13.0, 0.51183970856102, 0.95578231292517, 0.8926937008569662, 0.23553498808021323
BOOKKEEPER, UnderSampling, None, 4, RandomForest, 69.72804279982167, 58.43989769820972, 56.70103092783505, 294.0, 13.0, 372.0, 0.0, 0.9576547231270358, 1.0, 0.9990105132962276, 0.9612107416407764
BOOKKEEPER, UnderSampling, None, 4, IBk, 69.72804279982167, 58.43989769820972, 56.70103092783505, 294.0, 16.0, 369.0, 0.0, 0.9483870967741935, 1.0, 0.9792207792207792, 0.9523165785916184
BOOKKEEPER, OverSampling, None, 4, NaiveBayes, 69.72804279982167, 58.43989769820972, 56.70103092783505, 275.0, 167.0, 218.0, 19.0, 0.6221719457013575, 0.935374149659864, 0.918491032776747, 0.4734415129582068
BOOKKEEPER, OverSampling, None, 4, RandomForest, 69.72804279982167, 58.43989769820972, 56.70103092783505, 284.0, 16.0, 369.0, 10.0, 0.9466666666666667, 0.9659863945578231, 0.9901581411785494, 0.9222037139860572
BOOKKEEPER, OverSampling, None, 4, IBk, 69.72804279982167, 58.43989769820972, 56.70103092783505, 281.0, 17.0, 368.0, 13.0, 0.9429530201342282, 0.95578231292517, 0.9619621874723916, 0.9101630032106693
BOOKKEEPER, SMOTE, None, 4, NaiveBayes, 69.72804279982167, 58.43989769820972, 56.70103092783505, 279.0, 256.0, 129.0, 15.0, 0.5214953271028038, 0.9489795918367347, 0.9011661807580175, 0.2589575169847489
BOOKKEEPER, SMOTE, None, 4, RandomForest, 69.72804279982167, 58.43989769820972, 56.70103092783505, 294.0, 1.0, 384.0, 0.0, 0.9966101694915255, 1.0, 0.9988249845392703, 0.9970018236330479
BOOKKEEPER, SMOTE, None, 4, IBk, 69.72804279982167, 58.43989769820972, 56.70103092783505, 294.0, 1.0, 384.0, 0.0, 0.9966101694915255, 1.0, 0.9987322201607916, 0.9970018236330479
BOOKKEEPER, UnderSampling, None, 5, NaiveBayes, 72.68308489954633, 57.91350869371378, 47.21233689205219, 428.0, 228.0, 170.0, 17.0, 0.6524390243902439, 0.9617977528089887, 0.926813844503416, 0.40013592678541876
BOOKKEEPER, UnderSampling, None, 5, RandomForest, 72.68308489954633, 57.91350869371378, 47.21233689205219, 404.0, 6.0, 392.0, 41.0, 0.9853658536585366, 0.9078651685393259, 0.9952628310089775, 0.8886628356258692
BOOKKEEPER, UnderSampling, None, 5, IBk, 72.68308489954633, 57.91350869371378, 47.21233689205219, 445.0, 8.0, 390.0, 0.0, 0.9823399558498896, 1.0, 0.9899497487437185, 0.980940753552413
BOOKKEEPER, OverSampling, None, 5, NaiveBayes, 72.68308489954633, 57.91350869371378, 47.21233689205219, 414.0, 211.0, 187.0, 31.0, 0.6624, 0.9303370786516854, 0.9105358251933826, 0.40997801943544665
BOOKKEEPER, OverSampling, None, 5, RandomForest, 72.68308489954633, 57.91350869371378, 47.21233689205219, 304.0, 9.0, 389.0, 141.0, 0.9712460063897763, 0.6831460674157304, 0.9900824346451358, 0.6491632077775066
BOOKKEEPER, OverSampling, None, 5, IBk, 72.68308489954633, 57.91350869371378, 47.21233689205219, 444.0, 14.0, 384.0, 1.0, 0.9694323144104804, 0.9977528089887641, 0.9797272881260234, 0.9642401635704972
BOOKKEEPER, SMOTE, None, 5, NaiveBayes, 72.68308489954633, 57.91350869371378, 47.21233689205219, 420.0, 257.0, 141.0, 25.0, 0.620384047267356, 0.9438202247191011, 0.9148156512901586, 0.30755921658180796
BOOKKEEPER, SMOTE, None, 5, RandomForest, 72.68308489954633, 57.91350869371378, 47.21233689205219, 445.0, 11.0, 387.0, 0.0, 0.9758771929824561, 1.0, 0.9982948450115747, 0.9737830892019577
BOOKKEEPER, SMOTE, None, 5, IBk, 72.68308489954633, 57.91350869371378, 47.21233689205219, 445.0, 5.0, 393.0, 0.0, 0.9888888888888889, 1.0, 0.993831517136243, 0.9880927157930421
BOOKKEEPER, UnderSampling, None, 6, NaiveBayes, 77.94897701439758, 54.99027867790019, 48.911798396334476, 427.0, 280.0, 147.0, 19.0, 0.6039603960396039, 0.9573991031390134, 0.9179330189769064, 0.30564075280973607
BOOKKEEPER, UnderSampling, None, 6, RandomForest, 77.94897701439758, 54.99027867790019, 48.911798396334476, 445.0, 26.0, 401.0, 1.0, 0.9447983014861996, 0.9977578475336323, 0.9997269509877023, 0.9380377435865082
BOOKKEEPER, UnderSampling, None, 6, IBk, 77.94897701439758, 54.99027867790019, 48.911798396334476, 445.0, 21.0, 406.0, 1.0, 0.9549356223175965, 0.9977578475336323, 0.9742887598323899, 0.9495248407375481
BOOKKEEPER, OverSampling, None, 6, NaiveBayes, 77.94897701439758, 54.99027867790019, 48.911798396334476, 430.0, 247.0, 180.0, 16.0, 0.6351550960118169, 0.9641255605381166, 0.932493882651936, 0.3901672000956187
BOOKKEEPER, OverSampling, None, 6, RandomForest, 77.94897701439758, 54.99027867790019, 48.911798396334476, 444.0, 26.0, 401.0, 2.0, 0.9446808510638298, 0.9955156950672646, 0.9993698868946976, 0.9357460544439421
BOOKKEEPER, OverSampling, None, 6, IBk, 77.94897701439758, 54.99027867790019, 48.911798396334476, 443.0, 25.0, 402.0, 3.0, 0.9465811965811965, 0.9932735426008968, 0.9675754297896473, 0.9357524719685859
BOOKKEEPER, SMOTE, None, 6, NaiveBayes, 77.94897701439758, 54.99027867790019, 48.911798396334476, 430.0, 279.0, 148.0, 16.0, 0.6064880112834978, 0.9641255605381166, 0.9254786234129027, 0.3148605831007722
BOOKKEEPER, SMOTE, None, 6, RandomForest, 77.94897701439758, 54.99027867790019, 48.911798396334476, 445.0, 27.0, 400.0, 1.0, 0.9427966101694916, 0.9977578475336323, 0.9997637075855116, 0.9357396356371093
BOOKKEEPER, SMOTE, None, 6, IBk, 77.94897701439758, 54.99027867790019, 48.911798396334476, 445.0, 21.0, 406.0, 1.0, 0.9549356223175965, 0.9977578475336323, 0.9748401087995295, 0.9495248407375481
BOOKKEEPER, UnderSampling, None, 7, NaiveBayes, 81.2102564102564, 53.64991159383683, 81.87772925764192, 160.0, 549.0, 201.0, 6.0, 0.22566995768688294, 0.963855421686747, 0.7410803212851406, 0.10197982024758355
BOOKKEEPER, UnderSampling, None, 7, RandomForest, 81.2102564102564, 53.64991159383683, 81.87772925764192, 166.0, 322.0, 428.0, 0.0, 0.3401639344262295, 1.0, 0.8902409638554217, 0.3251267595321337
BOOKKEEPER, UnderSampling, None, 7, IBk, 81.2102564102564, 53.64991159383683, 81.87772925764192, 166.0, 304.0, 446.0, 0.0, 0.35319148936170214, 1.0, 0.798, 0.34715006470731663
BOOKKEEPER, OverSampling, None, 7, NaiveBayes, 81.2102564102564, 53.64991159383683, 81.87772925764192, 163.0, 579.0, 171.0, 3.0, 0.2196765498652291, 0.9819277108433735, 0.7491847389558233, 0.08929523184781275
BOOKKEEPER, OverSampling, None, 7, RandomForest, 81.2102564102564, 53.64991159383683, 81.87772925764192, 165.0, 326.0, 424.0, 1.0, 0.3360488798370672, 0.9939759036144579, 0.8537911646586346, 0.31738377392889705
BOOKKEEPER, OverSampling, None, 7, IBk, 81.2102564102564, 53.64991159383683, 81.87772925764192, 163.0, 303.0, 447.0, 3.0, 0.3497854077253219, 0.9819277108433735, 0.7704698795180723, 0.3392362093352193
BOOKKEEPER, SMOTE, None, 7, NaiveBayes, 81.2102564102564, 53.64991159383683, 81.87772925764192, 160.0, 578.0, 172.0, 6.0, 0.21680216802168023, 0.963855421686747, 0.7455220883534136, 0.08250435641662442
BOOKKEEPER, SMOTE, None, 7, RandomForest, 81.2102564102564, 53.64991159383683, 81.87772925764192, 166.0, 322.0, 428.0, 0.0, 0.3401639344262295, 1.0, 0.8624457831325302, 0.3251267595321337
BOOKKEEPER, SMOTE, None, 7, IBk, 81.2102564102564, 53.64991159383683, 81.87772925764192, 166.0, 302.0, 448.0, 0.0, 0.3547008547008547, 1.0, 0.7985381526104418, 0.34966429068477173
BOOKKEEPER, UnderSampling, BestFirst, 2, NaiveBayes, 45.42372881355932, 58.95522388059702, 60.66252587991718, 139.0, 47.0, 246.0, 51.0, 0.7473118279569892, 0.7315789473684211, 0.8518142626190048, 0.5732907832107312
BOOKKEEPER, UnderSampling, BestFirst, 2, RandomForest, 45.42372881355932, 58.95522388059702, 60.66252587991718, 166.0, 7.0, 286.0, 24.0, 0.9595375722543352, 0.8736842105263158, 0.9690677204957787, 0.8633713237642463
BOOKKEEPER, UnderSampling, BestFirst, 2, IBk, 45.42372881355932, 58.95522388059702, 60.66252587991718, 178.0, 37.0, 256.0, 12.0, 0.827906976744186, 0.9368421052631579, 0.9012753727321717, 0.7922398279418865
BOOKKEEPER, OverSampling, BestFirst, 2, NaiveBayes, 45.42372881355932, 58.95522388059702, 60.66252587991718, 148.0, 72.0, 221.0, 42.0, 0.6727272727272727, 0.7789473684210526, 0.8502514819471888, 0.5188149960674648
BOOKKEEPER, OverSampling, BestFirst, 2, RandomForest, 45.42372881355932, 58.95522388059702, 60.66252587991718, 158.0, 4.0, 289.0, 32.0, 0.9753086419753086, 0.8315789473684211, 0.9656098437219328, 0.8396769196724938
BOOKKEEPER, OverSampling, BestFirst, 2, IBk, 45.42372881355932, 58.95522388059702, 60.66252587991718, 172.0, 40.0, 253.0, 18.0, 0.8113207547169812, 0.9052631578947369, 0.8784084785342196, 0.7534109113955249
BOOKKEEPER, SMOTE, BestFirst, 2, NaiveBayes, 45.42372881355932, 58.95522388059702, 60.66252587991718, 150.0, 75.0, 218.0, 40.0, 0.6666666666666666, 0.7894736842105263, 0.8589814981138854, 0.5167688894688763
BOOKKEEPER, SMOTE, BestFirst, 2, RandomForest, 45.42372881355932, 58.95522388059702, 60.66252587991718, 184.0, 38.0, 255.0, 6.0, 0.8288288288288288, 0.968421052631579, 0.9681156816957068, 0.8146132105097874
BOOKKEEPER, SMOTE, BestFirst, 2, IBk, 45.42372881355932, 58.95522388059702, 60.66252587991718, 179.0, 30.0, 263.0, 11.0, 0.8564593301435407, 0.9421052631578948, 0.9209358721034668, 0.8252116119579512
BOOKKEEPER, UnderSampling, BestFirst, 3, NaiveBayes, 56.58567774936062, 59.887005649717516, 56.553755522827686, 159.0, 23.0, 361.0, 136.0, 0.8736263736263736, 0.5389830508474577, 0.8468970692090395, 0.5013417827928482
BOOKKEEPER, UnderSampling, BestFirst, 3, RandomForest, 56.58567774936062, 59.887005649717516, 56.553755522827686, 190.0, 0.0, 384.0, 105.0, 1.0, 0.6440677966101694, 0.9289106638418079, 0.6717768109937159
BOOKKEEPER, UnderSampling, BestFirst, 3, IBk, 56.58567774936062, 59.887005649717516, 56.553755522827686, 235.0, 22.0, 362.0, 60.0, 0.914396887159533, 0.7966101694915254, 0.8579669844632768, 0.7505220048571095
BOOKKEEPER, OverSampling, BestFirst, 3, NaiveBayes, 56.58567774936062, 59.887005649717516, 56.553755522827686, 162.0, 27.0, 357.0, 133.0, 0.8571428571428571, 0.5491525423728814, 0.8551024011299435, 0.4996453672061382
BOOKKEEPER, OverSampling, BestFirst, 3, RandomForest, 56.58567774936062, 59.887005649717516, 56.553755522827686, 186.0, 0.0, 384.0, 109.0, 1.0, 0.6305084745762712, 0.9169977048022598, 0.6587137264305378
BOOKKEEPER, OverSampling, BestFirst, 3, IBk, 56.58567774936062, 59.887005649717516, 56.553755522827686, 237.0, 35.0, 349.0, 58.0, 0.8713235294117647, 0.8033898305084746, 0.8589115466101694, 0.718737890456232
BOOKKEEPER, SMOTE, BestFirst, 3, NaiveBayes, 56.58567774936062, 59.887005649717516, 56.553755522827686, 169.0, 18.0, 366.0, 126.0, 0.9037433155080213, 0.5728813559322034, 0.8752957274011299, 0.5493113557165772
BOOKKEEPER, SMOTE, BestFirst, 3, RandomForest, 56.58567774936062, 59.887005649717516, 56.553755522827686, 272.0, 114.0, 270.0, 23.0, 0.7046632124352331, 0.9220338983050848, 0.9279131355932203, 0.6035822193054604
BOOKKEEPER, SMOTE, BestFirst, 3, IBk, 56.58567774936062, 59.887005649717516, 56.553755522827686, 244.0, 25.0, 359.0, 51.0, 0.9070631970260223, 0.8271186440677966, 0.8714645127118644, 0.7698777235714348
BOOKKEEPER, UnderSampling, BestFirst, 4, NaiveBayes, 69.72804279982167, 58.43989769820972, 56.70103092783505, 290.0, 206.0, 179.0, 4.0, 0.5846774193548387, 0.9863945578231292, 0.9825293753865182, 0.41743407881942457
BOOKKEEPER, UnderSampling, BestFirst, 4, RandomForest, 69.72804279982167, 58.43989769820972, 56.70103092783505, 281.0, 24.0, 361.0, 13.0, 0.921311475409836, 0.95578231292517, 0.9948670377241806, 0.8895114367515315
BOOKKEEPER, UnderSampling, BestFirst, 4, IBk, 69.72804279982167, 58.43989769820972, 56.70103092783505, 286.0, 14.0, 371.0, 8.0, 0.9533333333333334, 0.9727891156462585, 0.9886253202579733, 0.9341723733728176
BOOKKEEPER, OverSampling, BestFirst, 4, NaiveBayes, 69.72804279982167, 58.43989769820972, 56.70103092783505, 288.0, 175.0, 210.0, 6.0, 0.6220302375809935, 0.9795918367346939, 0.9720204965102924, 0.4916466398355386
BOOKKEEPER, OverSampling, BestFirst, 4, RandomForest, 69.72804279982167, 58.43989769820972, 56.70103092783505, 282.0, 25.0, 360.0, 12.0, 0.9185667752442996, 0.9591836734693877, 0.9858423889036134, 0.8895998031314405
BOOKKEEPER, OverSampling, BestFirst, 4, IBk, 69.72804279982167, 58.43989769820972, 56.70103092783505, 274.0, 18.0, 367.0, 20.0, 0.9383561643835616, 0.9319727891156463, 0.9667064228288718, 0.8859317942687379
BOOKKEEPER, SMOTE, BestFirst, 4, NaiveBayes, 69.72804279982167, 58.43989769820972, 56.70103092783505, 289.0, 212.0, 173.0, 5.0, 0.5768463073852296, 0.9829931972789115, 0.9849368318756074, 0.3991321971967686
BOOKKEEPER, SMOTE, BestFirst, 4, RandomForest, 69.72804279982167, 58.43989769820972, 56.70103092783505, 281.0, 1.0, 384.0, 13.0, 0.9964539007092199, 0.95578231292517, 0.9996996201077833, 0.9578051205567983
BOOKKEEPER, SMOTE, BestFirst, 4, IBk, 69.72804279982167, 58.43989769820972, 56.70103092783505, 284.0, 1.0, 384.0, 10.0, 0.9964912280701754, 0.9659863945578231, 0.9993639014047178, 0.9668870061757129
BOOKKEEPER, UnderSampling, BestFirst, 5, NaiveBayes, 72.68308489954633, 57.91350869371378, 47.21233689205219, 440.0, 211.0, 187.0, 5.0, 0.6758832565284179, 0.9887640449438202, 0.9866975326068544, 0.47150096651167656
BOOKKEEPER, UnderSampling, BestFirst, 5, RandomForest, 72.68308489954633, 57.91350869371378, 47.21233689205219, 441.0, 16.0, 382.0, 4.0, 0.9649890590809628, 0.9910112359550561, 0.9959573146632037, 0.9523265546180468
BOOKKEEPER, UnderSampling, BestFirst, 5, IBk, 72.68308489954633, 57.91350869371378, 47.21233689205219, 445.0, 9.0, 389.0, 0.0, 0.9801762114537445, 1.0, 0.9890745864152222, 0.9785554993400171
BOOKKEEPER, OverSampling, BestFirst, 5, NaiveBayes, 72.68308489954633, 57.91350869371378, 47.21233689205219, 441.0, 93.0, 305.0, 4.0, 0.8258426966292135, 0.9910112359550561, 0.984105922872791, 0.7663932669974889
BOOKKEEPER, OverSampling, BestFirst, 5, RandomForest, 72.68308489954633, 57.91350869371378, 47.21233689205219, 443.0, 22.0, 376.0, 2.0, 0.9526881720430107, 0.9955056179775281, 0.9900146801422844, 0.9427309782608695
BOOKKEEPER, OverSampling, BestFirst, 5, IBk, 72.68308489954633, 57.91350869371378, 47.21233689205219, 443.0, 12.0, 386.0, 2.0, 0.9736263736263736, 0.9955056179775281, 0.9895799220823217, 0.9666374558303888
BOOKKEEPER, SMOTE, BestFirst, 5, NaiveBayes, 72.68308489954633, 57.91350869371378, 47.21233689205219, 441.0, 212.0, 186.0, 4.0, 0.6753445635528331, 0.9910112359550561, 0.9915306871435831, 0.4713567372344997
BOOKKEEPER, SMOTE, BestFirst, 5, RandomForest, 72.68308489954633, 57.91350869371378, 47.21233689205219, 444.0, 14.0, 384.0, 1.0, 0.9694323144104804, 0.9977528089887641, 0.9972361809045226, 0.9642401635704972
BOOKKEEPER, SMOTE, BestFirst, 5, IBk, 72.68308489954633, 57.91350869371378, 47.21233689205219, 445.0, 8.0, 390.0, 0.0, 0.9823399558498896, 1.0, 0.9931963186720117, 0.980940753552413
BOOKKEEPER, UnderSampling, BestFirst, 6, NaiveBayes, 77.94897701439758, 54.99027867790019, 48.911798396334476, 434.0, 180.0, 247.0, 12.0, 0.7068403908794788, 0.9730941704035875, 0.9705317104420244, 0.5562098217595289
BOOKKEEPER, UnderSampling, BestFirst, 6, RandomForest, 77.94897701439758, 54.99027867790019, 48.911798396334476, 445.0, 31.0, 396.0, 1.0, 0.9348739495798319, 0.9977578475336323, 0.9998267188960418, 0.9265449076289592
BOOKKEEPER, UnderSampling, BestFirst, 6, IBk, 77.94897701439758, 54.99027867790019, 48.911798396334476, 445.0, 24.0, 403.0, 1.0, 0.9488272921108742, 0.9977578475336323, 0.9652781424265656, 0.9426332708629586
BOOKKEEPER, OverSampling, BestFirst, 6, NaiveBayes, 77.94897701439758, 54.99027867790019, 48.911798396334476, 425.0, 121.0, 306.0, 21.0, 0.7783882783882784, 0.952914798206278, 0.9642253284464561, 0.6728991197517573
BOOKKEEPER, OverSampling, BestFirst, 6, RandomForest, 77.94897701439758, 54.99027867790019, 48.911798396334476, 440.0, 34.0, 393.0, 6.0, 0.9282700421940928, 0.9865470852017937, 0.9979941399481207, 0.9081903079252903
BOOKKEEPER, OverSampling, BestFirst, 6, IBk, 77.94897701439758, 54.99027867790019, 48.911798396334476, 443.0, 27.0, 400.0, 3.0, 0.9425531914893617, 0.9932735426008968, 0.967512418479117, 0.9311564869042237
BOOKKEEPER, SMOTE, BestFirst, 6, NaiveBayes, 77.94897701439758, 54.99027867790019, 48.911798396334476, 434.0, 183.0, 244.0, 12.0, 0.7034035656401945, 0.9730941704035875, 0.9674336543409542, 0.5492075681544349
BOOKKEEPER, SMOTE, BestFirst, 6, RandomForest, 77.94897701439758, 54.99027867790019, 48.911798396334476, 445.0, 30.0, 397.0, 1.0, 0.9368421052631579, 0.9977578475336323, 0.9992701189863581, 0.928843934131406
BOOKKEEPER, SMOTE, BestFirst, 6, IBk, 77.94897701439758, 54.99027867790019, 48.911798396334476, 445.0, 26.0, 401.0, 1.0, 0.9447983014861996, 0.9977578475336323, 0.9655931989792168, 0.9380377435865082
BOOKKEEPER, UnderSampling, BestFirst, 7, NaiveBayes, 81.2102564102564, 53.64991159383683, 81.87772925764192, 162.0, 477.0, 273.0, 4.0, 0.2535211267605634, 0.9759036144578314, 0.8543293172690763, 0.16114021994090238
BOOKKEEPER, UnderSampling, BestFirst, 7, RandomForest, 81.2102564102564, 53.64991159383683, 81.87772925764192, 166.0, 323.0, 427.0, 0.0, 0.3394683026584867, 1.0, 0.8833012048192771, 0.3239342644047968
BOOKKEEPER, UnderSampling, BestFirst, 7, IBk, 81.2102564102564, 53.64991159383683, 81.87772925764192, 166.0, 315.0, 435.0, 0.0, 0.34511434511434513, 1.0, 0.8841044176706827, 0.3335643015521063
BOOKKEEPER, OverSampling, BestFirst, 7, NaiveBayes, 81.2102564102564, 53.64991159383683, 81.87772925764192, 161.0, 444.0, 306.0, 5.0, 0.26611570247933886, 0.9698795180722891, 0.8333975903614458, 0.18618216931551954
BOOKKEEPER, OverSampling, BestFirst, 7, RandomForest, 81.2102564102564, 53.64991159383683, 81.87772925764192, 165.0, 325.0, 425.0, 1.0, 0.336734693877551, 0.9939759036144579, 0.855871485943775, 0.31856436095441526
BOOKKEEPER, OverSampling, BestFirst, 7, IBk, 81.2102564102564, 53.64991159383683, 81.87772925764192, 165.0, 309.0, 441.0, 1.0, 0.34810126582278483, 0.9939759036144579, 0.8480803212851405, 0.3378910257606
BOOKKEEPER, SMOTE, BestFirst, 7, NaiveBayes, 81.2102564102564, 53.64991159383683, 81.87772925764192, 157.0, 439.0, 311.0, 9.0, 0.2634228187919463, 0.9457831325301205, 0.8396947791164658, 0.17946092937694944
BOOKKEEPER, SMOTE, BestFirst, 7, RandomForest, 81.2102564102564, 53.64991159383683, 81.87772925764192, 166.0, 323.0, 427.0, 0.0, 0.3394683026584867, 1.0, 0.8809437751004016, 0.3239342644047968
BOOKKEEPER, SMOTE, BestFirst, 7, IBk, 81.2102564102564, 53.64991159383683, 81.87772925764192, 166.0, 318.0, 432.0, 0.0, 0.34297520661157027, 1.0, 0.8752610441767068, 0.3299287804339425
