Dataset, Balancing, Feature Selection, Training Release, Classifier, Training% of total, Positive% in training, Positive% in testing, TP, FP, TN, FN, Precision, Recall, AUC, kappa
ZOOKEEPER, None, None, 2, NaiveBayes, 49.82728842832469, 61.178509532062385, 61.44578313253012, 216.0, 11.0, 213.0, 141.0, 0.9515418502202643, 0.6050420168067226, 0.8627638555422169, 0.5016983963978197
ZOOKEEPER, None, None, 2, RandomForest, 49.82728842832469, 61.178509532062385, 61.44578313253012, 354.0, 0.0, 224.0, 3.0, 1.0, 0.9915966386554622, 1.0, 0.9891290111329404
ZOOKEEPER, None, None, 2, IBk, 49.82728842832469, 61.178509532062385, 61.44578313253012, 355.0, 0.0, 224.0, 2.0, 1.0, 0.9943977591036415, 0.9971988795518207, 0.9927466573451019
ZOOKEEPER, None, None, 3, NaiveBayes, 63.76651982378855, 61.3126079447323, 65.80547112462007, 223.0, 12.0, 213.0, 210.0, 0.948936170212766, 0.5150115473441108, 0.8672414677957403, 0.3811230585424134
ZOOKEEPER, None, None, 3, RandomForest, 63.76651982378855, 61.3126079447323, 65.80547112462007, 385.0, 1.0, 224.0, 48.0, 0.9974093264248705, 0.8891454965357968, 0.9990967410828843, 0.8424344902407318
ZOOKEEPER, None, None, 3, IBk, 63.76651982378855, 61.3126079447323, 65.80547112462007, 389.0, 0.0, 225.0, 44.0, 1.0, 0.8983833718244804, 0.9399538106235565, 0.8580798227468359
ZOOKEEPER, None, None, 4, NaiveBayes, 73.31449333871619, 62.940528634361236, 65.9606656580938, 228.0, 14.0, 211.0, 208.0, 0.9421487603305785, 0.5229357798165137, 0.9083843017329256, 0.3811853213794733
ZOOKEEPER, None, None, 4, RandomForest, 73.31449333871619, 62.940528634361236, 65.9606656580938, 436.0, 0.0, 225.0, 0.0, 1.0, 1.0, 1.0, 1.0
ZOOKEEPER, None, None, 4, IBk, 73.31449333871619, 62.940528634361236, 65.9606656580938, 433.0, 0.0, 225.0, 3.0, 1.0, 0.9931192660550459, 0.9942660550458715, 0.9899254698145127
ZOOKEEPER, None, None, 5, NaiveBayes, 75.44928419128846, 63.746467501009285, 72.08436724565756, 254.0, 14.0, 211.0, 327.0, 0.9477611940298507, 0.43717728055077454, 0.8819468349588832, 0.26290636615729535
ZOOKEEPER, None, None, 5, RandomForest, 75.44928419128846, 63.746467501009285, 72.08436724565756, 573.0, 0.0, 225.0, 8.0, 1.0, 0.9862306368330465, 1.0, 0.9756032962792001
ZOOKEEPER, None, None, 5, IBk, 75.44928419128846, 63.746467501009285, 72.08436724565756, 556.0, 0.0, 225.0, 25.0, 1.0, 0.9569707401032702, 0.9784853700516352, 0.9254669872387645
ZOOKEEPER, None, None, 6, NaiveBayes, 80.13180375884794, 65.79348157173317, 72.35872235872236, 262.0, 17.0, 208.0, 327.0, 0.9390681003584229, 0.44482173174872663, 0.9091265798905867, 0.25900129667363514
ZOOKEEPER, None, None, 6, RandomForest, 80.13180375884794, 65.79348157173317, 72.35872235872236, 588.0, 0.0, 225.0, 1.0, 1.0, 0.99830220713073, 1.0, 0.996933093205332
ZOOKEEPER, None, None, 6, IBk, 80.13180375884794, 65.79348157173317, 72.35872235872236, 585.0, 0.0, 225.0, 4.0, 1.0, 0.9932088285229203, 0.9957555178268251, 0.9877826390400215
ZOOKEEPER, None, None, 7, NaiveBayes, 82.61746319822545, 67.09787649499633, 73.66589327146171, 270.0, 17.0, 210.0, 365.0, 0.9407665505226481, 0.4251968503937008, 0.9118526483749003, 0.23471090514416393
ZOOKEEPER, None, None, 7, RandomForest, 82.61746319822545, 67.09787649499633, 73.66589327146171, 622.0, 2.0, 225.0, 13.0, 0.9967948717948718, 0.9795275590551181, 0.9997641264004995, 0.9558368456646332
ZOOKEEPER, None, None, 7, IBk, 82.61746319822545, 67.09787649499633, 73.66589327146171, 626.0, 1.0, 226.0, 9.0, 0.9984051036682615, 0.9858267716535433, 0.9907107426549655, 0.9704342934756511
ZOOKEEPER, None, None, 8, NaiveBayes, 83.80936285279702, 68.23956442831216, 76.30480167014613, 284.0, 16.0, 211.0, 447.0, 0.9466666666666667, 0.38850889192886456, 0.9086400260339768, 0.19221341181355606
ZOOKEEPER, None, None, 8, RandomForest, 83.80936285279702, 68.23956442831216, 76.30480167014613, 731.0, 0.0, 227.0, 0.0, 1.0, 1.0, 1.0, 1.0
ZOOKEEPER, None, None, 8, IBk, 83.80936285279702, 68.23956442831216, 76.30480167014613, 718.0, 0.0, 227.0, 13.0, 1.0, 0.9822161422708618, 0.9897400820793434, 0.9632002269329188
ZOOKEEPER, None, None, 9, NaiveBayes, 85.96542205433677, 69.54537772519858, 76.50103519668737, 295.0, 16.0, 211.0, 444.0, 0.9485530546623794, 0.39918809201623817, 0.9170208580472481, 0.19883456355631207
ZOOKEEPER, None, None, 9, RandomForest, 85.96542205433677, 69.54537772519858, 76.50103519668737, 739.0, 0.0, 227.0, 0.0, 1.0, 1.0, 1.0, 1.0
ZOOKEEPER, None, None, 9, IBk, 85.96542205433677, 69.54537772519858, 76.50103519668737, 736.0, 0.0, 227.0, 3.0, 1.0, 0.9959404600811907, 0.9979702300405954, 0.9914016650743825
ZOOKEEPER, None, None, 10, NaiveBayes, 83.9390243902439, 70.52157489466802, 82.76385725132877, 522.0, 17.0, 210.0, 568.0, 0.9684601113172542, 0.47889908256880737, 0.9216424847431597, 0.20603211342442548
ZOOKEEPER, None, None, 10, RandomForest, 83.9390243902439, 70.52157489466802, 82.76385725132877, 1090.0, 0.0, 227.0, 0.0, 1.0, 1.0, 1.0, 1.0
ZOOKEEPER, None, None, 10, IBk, 83.9390243902439, 70.52157489466802, 82.76385725132877, 1075.0, 0.0, 227.0, 15.0, 1.0, 0.9862385321100917, 0.9922018348623853, 0.9610972715904728
ZOOKEEPER, None, None, 11, NaiveBayes, 86.08923884514435, 72.48780487804878, 81.88679245283019, 526.0, 15.0, 225.0, 559.0, 0.9722735674676525, 0.4847926267281106, 0.9205817972350231, 0.22430850195822444
ZOOKEEPER, None, None, 11, RandomForest, 86.08923884514435, 72.48780487804878, 81.88679245283019, 1085.0, 13.0, 227.0, 0.0, 0.98816029143898, 1.0, 0.9804185867895545, 0.9662132342124102
ZOOKEEPER, None, None, 11, IBk, 86.08923884514435, 72.48780487804878, 81.88679245283019, 1083.0, 13.0, 227.0, 2.0, 0.9881386861313869, 0.9981566820276497, 0.9719950076804915, 0.9611440748379781
ZOOKEEPER, None, None, 12, NaiveBayes, 87.2013183191431, 73.79527559055119, 81.68812589413447, 681.0, 29.0, 227.0, 461.0, 0.9591549295774648, 0.5963222416812609, 0.8913604148423818, 0.2919367909238249
ZOOKEEPER, None, None, 12, RandomForest, 87.2013183191431, 73.79527559055119, 81.68812589413447, 1142.0, 28.0, 228.0, 0.0, 0.976068376068376, 1.0, 0.9584986591506129, 0.9300870161601439
ZOOKEEPER, None, None, 12, IBk, 87.2013183191431, 73.79527559055119, 81.68812589413447, 1132.0, 16.0, 240.0, 10.0, 0.9860627177700348, 0.9912434325744308, 0.9624870019702276, 0.9372648380705159
ZOOKEEPER, None, None, 13, NaiveBayes, 88.65351838324811, 74.80545637645335, 81.68812589413447, 675.0, 28.0, 228.0, 467.0, 0.9601706970128022, 0.5910683012259195, 0.9076353163309983, 0.28926789488711635
ZOOKEEPER, None, None, 13, RandomForest, 88.65351838324811, 74.80545637645335, 81.68812589413447, 1142.0, 0.0, 256.0, 0.0, 1.0, 1.0, 1.0, 1.0
ZOOKEEPER, None, None, 13, IBk, 88.65351838324811, 74.80545637645335, 81.68812589413447, 1142.0, 0.0, 256.0, 0.0, 1.0, 1.0, 1.0, 1.0
ZOOKEEPER, None, None, 14, NaiveBayes, 89.77703293500437, 75.58639720801882, 81.75338560228083, 672.0, 28.0, 228.0, 475.0, 0.96, 0.5858761987794245, 0.9121059693766347, 0.28393745161287043
ZOOKEEPER, None, None, 14, RandomForest, 89.77703293500437, 75.58639720801882, 81.75338560228083, 1147.0, 0.0, 256.0, 0.0, 1.0, 1.0, 1.0, 1.0
ZOOKEEPER, None, None, 14, IBk, 89.77703293500437, 75.58639720801882, 81.75338560228083, 1145.0, 0.0, 256.0, 2.0, 1.0, 0.998256320836966, 0.999128160418483, 0.9952363652414242
ZOOKEEPER, None, None, 15, NaiveBayes, 90.71919619249074, 76.21684640046634, 81.69515669515668, 670.0, 28.0, 229.0, 477.0, 0.9598853868194842, 0.5841325196163906, 0.9146377455653218, 0.2832157934749203
ZOOKEEPER, None, None, 15, RandomForest, 90.71919619249074, 76.21684640046634, 81.69515669515668, 1147.0, 1.0, 256.0, 0.0, 0.9991289198606271, 1.0, 0.9996234467177105, 0.9976149544395144
ZOOKEEPER, None, None, 15, IBk, 90.71919619249074, 76.21684640046634, 81.69515669515668, 1147.0, 1.0, 256.0, 0.0, 0.9991289198606271, 1.0, 0.9980544747081712, 0.9976149544395144
ZOOKEEPER, None, None, 16, NaiveBayes, 91.47971216060954, 76.72527763088313, 81.68914123491838, 670.0, 27.0, 231.0, 481.0, 0.9612625538020086, 0.5821025195482189, 0.918153408899575, 0.28375384504542
ZOOKEEPER, None, None, 16, RandomForest, 91.47971216060954, 76.72527763088313, 81.68914123491838, 1151.0, 1.0, 257.0, 0.0, 0.9991319444444444, 1.0, 0.9999966325204238, 0.9976240381907615
ZOOKEEPER, None, None, 16, IBk, 91.47971216060954, 76.72527763088313, 81.68914123491838, 1150.0, 1.0, 257.0, 1.0, 0.9991311902693311, 0.9991311902693311, 0.9971948895129951, 0.9952552212770831
ZOOKEEPER, None, None, 17, NaiveBayes, 92.0255982192543, 77.14821309790167, 81.99581297976273, 671.0, 27.0, 231.0, 504.0, 0.9613180515759312, 0.571063829787234, 0.9176760679531585, 0.2709433376544611
ZOOKEEPER, None, None, 17, RandomForest, 92.0255982192543, 77.14821309790167, 81.99581297976273, 1175.0, 0.0, 258.0, 0.0, 1.0, 1.0, 1.0, 1.0
ZOOKEEPER, None, None, 17, IBk, 92.0255982192543, 77.14821309790167, 81.99581297976273, 1161.0, 0.0, 258.0, 14.0, 1.0, 0.9880851063829788, 0.9936170212765958, 0.9675968847009875
ZOOKEEPER, None, None, 18, NaiveBayes, 92.58114374034004, 77.53478018920423, 82.01388888888889, 671.0, 26.0, 233.0, 510.0, 0.9626972740315638, 0.5681625740897545, 0.9202789338267746, 0.27047672697508335
ZOOKEEPER, None, None, 18, RandomForest, 92.58114374034004, 77.53478018920423, 82.01388888888889, 1181.0, 1.0, 258.0, 0.0, 0.9991539763113367, 1.0, 0.9999869229335783, 0.9976425750938058
ZOOKEEPER, None, None, 18, IBk, 92.58114374034004, 77.53478018920423, 82.01388888888889, 1179.0, 1.0, 258.0, 2.0, 0.9991525423728813, 0.9983065198983911, 0.9972227580186936, 0.9929490109029183
ZOOKEEPER, None, None, 19, NaiveBayes, 93.07120594581635, 77.86707882534776, 81.93771626297578, 671.0, 26.0, 235.0, 513.0, 0.9626972740315638, 0.566722972972973, 0.9218216060888474, 0.270426931222829
ZOOKEEPER, None, None, 19, RandomForest, 93.07120594581635, 77.86707882534776, 81.93771626297578, 1184.0, 2.0, 259.0, 0.0, 0.9983136593591906, 1.0, 0.9999805840323082, 0.9953099795197029
ZOOKEEPER, None, None, 19, IBk, 93.07120594581635, 77.86707882534776, 81.93771626297578, 1184.0, 2.0, 259.0, 0.0, 0.9983136593591906, 1.0, 0.9961685823754789, 0.9953099795197029
ZOOKEEPER, None, BestFirst, 2, NaiveBayes, 49.82728842832469, 61.178509532062385, 61.44578313253012, 191.0, 85.0, 139.0, 166.0, 0.6920289855072463, 0.5350140056022409, 0.6390556222488996, 0.14573338253987791
ZOOKEEPER, None, BestFirst, 2, RandomForest, 49.82728842832469, 61.178509532062385, 61.44578313253012, 343.0, 19.0, 205.0, 14.0, 0.9475138121546961, 0.9607843137254902, 0.9880264605842337, 0.8796202698545247
ZOOKEEPER, None, BestFirst, 2, IBk, 49.82728842832469, 61.178509532062385, 61.44578313253012, 343.0, 19.0, 205.0, 14.0, 0.9475138121546961, 0.9607843137254902, 0.9886579631852741, 0.8796202698545247
ZOOKEEPER, None, BestFirst, 3, NaiveBayes, 63.76651982378855, 61.3126079447323, 65.80547112462007, 191.0, 85.0, 140.0, 242.0, 0.6920289855072463, 0.44110854503464203, 0.6099615088529639, 0.05424032772762037
ZOOKEEPER, None, BestFirst, 3, RandomForest, 63.76651982378855, 61.3126079447323, 65.80547112462007, 364.0, 19.0, 206.0, 69.0, 0.9503916449086162, 0.8406466512702079, 0.9381062355658198, 0.7178855054811205
ZOOKEEPER, None, BestFirst, 3, IBk, 63.76651982378855, 61.3126079447323, 65.80547112462007, 367.0, 20.0, 205.0, 66.0, 0.9483204134366925, 0.8475750577367206, 0.9429971773158841, 0.7231750628613918
ZOOKEEPER, None, BestFirst, 4, NaiveBayes, 73.31449333871619, 62.940528634361236, 65.9606656580938, 191.0, 85.0, 140.0, 245.0, 0.6920289855072463, 0.4380733944954128, 0.6075076452599388, 0.051443729344233816
ZOOKEEPER, None, BestFirst, 4, RandomForest, 73.31449333871619, 62.940528634361236, 65.9606656580938, 425.0, 20.0, 205.0, 11.0, 0.9550561797752809, 0.9747706422018348, 0.9936289500509684, 0.8945399148743444
ZOOKEEPER, None, BestFirst, 4, IBk, 73.31449333871619, 62.940528634361236, 65.9606656580938, 425.0, 20.0, 205.0, 11.0, 0.9550561797752809, 0.9747706422018348, 0.9937665647298675, 0.8945399148743444
ZOOKEEPER, None, BestFirst, 5, NaiveBayes, 75.44928419128846, 63.746467501009285, 72.08436724565756, 202.0, 95.0, 130.0, 379.0, 0.6801346801346801, 0.3476764199655766, 0.49677567412507173, -0.05375750922621181
ZOOKEEPER, None, BestFirst, 5, RandomForest, 75.44928419128846, 63.746467501009285, 72.08436724565756, 471.0, 20.0, 205.0, 110.0, 0.9592668024439919, 0.810671256454389, 0.9485446548097151, 0.6429861324065557
ZOOKEEPER, None, BestFirst, 5, IBk, 75.44928419128846, 63.746467501009285, 72.08436724565756, 471.0, 20.0, 205.0, 110.0, 0.9592668024439919, 0.810671256454389, 0.9644788678523618, 0.6429861324065557
ZOOKEEPER, None, BestFirst, 6, NaiveBayes, 80.13180375884794, 65.79348157173317, 72.35872235872236, 237.0, 120.0, 105.0, 352.0, 0.6638655462184874, 0.40237691001697795, 0.5075947934352009, -0.09931387304076135
ZOOKEEPER, None, BestFirst, 6, RandomForest, 80.13180375884794, 65.79348157173317, 72.35872235872236, 535.0, 15.0, 210.0, 54.0, 0.9727272727272728, 0.9083191850594228, 0.9702471231843048, 0.7988655164263769
ZOOKEEPER, None, BestFirst, 6, IBk, 80.13180375884794, 65.79348157173317, 72.35872235872236, 540.0, 20.0, 205.0, 49.0, 0.9642857142857143, 0.9168081494057725, 0.9750009432182607, 0.7962090810795122
ZOOKEEPER, None, BestFirst, 7, NaiveBayes, 82.61746319822545, 67.09787649499633, 73.66589327146171, 270.0, 129.0, 98.0, 365.0, 0.6766917293233082, 0.4251968503937008, 0.47678032536681814, -0.10726042571337932
ZOOKEEPER, None, BestFirst, 7, RandomForest, 82.61746319822545, 67.09787649499633, 73.66589327146171, 604.0, 20.0, 207.0, 31.0, 0.967948717948718, 0.9511811023622048, 0.9916889243470117, 0.8498452752597531
ZOOKEEPER, None, BestFirst, 7, IBk, 82.61746319822545, 67.09787649499633, 73.66589327146171, 606.0, 20.0, 207.0, 29.0, 0.9680511182108626, 0.9543307086614173, 0.9921814839224392, 0.8553304882142198
ZOOKEEPER, None, BestFirst, 8, NaiveBayes, 83.80936285279702, 68.23956442831216, 76.30480167014613, 386.0, 156.0, 71.0, 345.0, 0.7121771217712177, 0.5280437756497948, 0.47973025907422695, -0.12368131482218525
ZOOKEEPER, None, BestFirst, 8, RandomForest, 83.80936285279702, 68.23956442831216, 76.30480167014613, 690.0, 20.0, 207.0, 41.0, 0.971830985915493, 0.9439124487004104, 0.9898455437907158, 0.8293571766464791
ZOOKEEPER, None, BestFirst, 8, IBk, 83.80936285279702, 68.23956442831216, 76.30480167014613, 690.0, 20.0, 207.0, 41.0, 0.971830985915493, 0.9439124487004104, 0.9906651319476669, 0.8293571766464791
ZOOKEEPER, None, BestFirst, 9, NaiveBayes, 85.96542205433677, 69.54537772519858, 76.50103519668737, 577.0, 164.0, 63.0, 162.0, 0.7786774628879892, 0.7807848443843031, 0.49488831794364335, 0.05849642133208953
ZOOKEEPER, None, BestFirst, 9, RandomForest, 85.96542205433677, 69.54537772519858, 76.50103519668737, 723.0, 27.0, 200.0, 16.0, 0.964, 0.9783491204330176, 0.9928764314200044, 0.8740791938740247
ZOOKEEPER, None, BestFirst, 9, IBk, 85.96542205433677, 69.54537772519858, 76.50103519668737, 723.0, 27.0, 200.0, 16.0, 0.964, 0.9783491204330176, 0.9928764314200044, 0.8740791938740247
ZOOKEEPER, None, BestFirst, 10, NaiveBayes, 83.9390243902439, 70.52157489466802, 82.76385725132877, 1090.0, 227.0, 0.0, 0.0, 0.8276385725132878, 1.0, 0.5636018267792912, 0.0
ZOOKEEPER, None, BestFirst, 10, RandomForest, 83.9390243902439, 70.52157489466802, 82.76385725132877, 1056.0, 27.0, 200.0, 34.0, 0.9750692520775623, 0.9688073394495413, 0.9912662167077557, 0.8396150137452312
ZOOKEEPER, None, BestFirst, 10, IBk, 83.9390243902439, 70.52157489466802, 82.76385725132877, 1056.0, 27.0, 200.0, 34.0, 0.9750692520775623, 0.9688073394495413, 0.9912662167077557, 0.8396150137452312
ZOOKEEPER, None, BestFirst, 11, NaiveBayes, 86.08923884514435, 72.48780487804878, 81.88679245283019, 1085.0, 240.0, 0.0, 0.0, 0.8188679245283019, 1.0, 0.5654723502304148, 0.0
ZOOKEEPER, None, BestFirst, 11, RandomForest, 86.08923884514435, 72.48780487804878, 81.88679245283019, 1043.0, 34.0, 206.0, 42.0, 0.968430826369545, 0.9612903225806452, 0.9642453917050692, 0.8091212373947988
ZOOKEEPER, None, BestFirst, 11, IBk, 86.08923884514435, 72.48780487804878, 81.88679245283019, 1043.0, 34.0, 206.0, 42.0, 0.968430826369545, 0.9612903225806452, 0.950697004608295, 0.8091212373947988
ZOOKEEPER, None, BestFirst, 12, NaiveBayes, 87.2013183191431, 73.79527559055119, 81.68812589413447, 1142.0, 256.0, 0.0, 0.0, 0.8168812589413448, 1.0, 0.6394603081217163, 0.0
ZOOKEEPER, None, BestFirst, 12, RandomForest, 87.2013183191431, 73.79527559055119, 81.68812589413447, 1093.0, 49.0, 207.0, 49.0, 0.957092819614711, 0.957092819614711, 0.9294668755472855, 0.7656865696147109
ZOOKEEPER, None, BestFirst, 12, IBk, 87.2013183191431, 73.79527559055119, 81.68812589413447, 1093.0, 49.0, 207.0, 49.0, 0.957092819614711, 0.957092819614711, 0.9430891528021016, 0.7656865696147109
ZOOKEEPER, None, BestFirst, 13, NaiveBayes, 88.65351838324811, 74.80545637645335, 81.68812589413447, 1142.0, 256.0, 0.0, 0.0, 0.8168812589413448, 1.0, 0.6543071366024519, 0.0
ZOOKEEPER, None, BestFirst, 13, RandomForest, 88.65351838324811, 74.80545637645335, 81.68812589413447, 1093.0, 49.0, 207.0, 49.0, 0.957092819614711, 0.957092819614711, 0.9733933751094571, 0.7656865696147109
ZOOKEEPER, None, BestFirst, 13, IBk, 88.65351838324811, 74.80545637645335, 81.68812589413447, 1093.0, 49.0, 207.0, 49.0, 0.957092819614711, 0.957092819614711, 0.9733762724387041, 0.7656865696147109
ZOOKEEPER, None, BestFirst, 14, NaiveBayes, 89.77703293500437, 75.58639720801882, 81.75338560228083, 1147.0, 256.0, 0.0, 0.0, 0.8175338560228083, 1.0, 0.6361329827811683, 0.0
ZOOKEEPER, None, BestFirst, 14, RandomForest, 89.77703293500437, 75.58639720801882, 81.75338560228083, 1098.0, 49.0, 207.0, 49.0, 0.9572798605056669, 0.9572798605056669, 0.9733067240627724, 0.7658736105056669
ZOOKEEPER, None, BestFirst, 14, IBk, 89.77703293500437, 75.58639720801882, 81.75338560228083, 1098.0, 49.0, 207.0, 49.0, 0.9572798605056669, 0.9572798605056669, 0.9733067240627724, 0.7658736105056669
ZOOKEEPER, None, BestFirst, 15, NaiveBayes, 90.71919619249074, 76.21684640046634, 81.69515669515668, 1147.0, 257.0, 0.0, 0.0, 0.8169515669515669, 1.0, 0.6356219405045814, 0.0
ZOOKEEPER, None, BestFirst, 15, RandomForest, 90.71919619249074, 76.21684640046634, 81.69515669515668, 1098.0, 49.0, 208.0, 49.0, 0.9572798605056669, 0.9572798605056669, 0.9738990905050903, 0.766618381906445
ZOOKEEPER, None, BestFirst, 15, IBk, 90.71919619249074, 76.21684640046634, 81.69515669515668, 1098.0, 49.0, 208.0, 49.0, 0.9572798605056669, 0.9572798605056669, 0.9736344854959139, 0.766618381906445
ZOOKEEPER, None, BestFirst, 16, NaiveBayes, 91.47971216060954, 76.72527763088313, 81.68914123491838, 1151.0, 258.0, 0.0, 0.0, 0.8168914123491838, 1.0, 0.6348254635335636, 0.0
ZOOKEEPER, None, BestFirst, 16, RandomForest, 91.47971216060954, 76.72527763088313, 81.68914123491838, 1099.0, 50.0, 208.0, 52.0, 0.9564838990426457, 0.9548218940052129, 0.9707837471965732, 0.758741787000883
ZOOKEEPER, None, BestFirst, 16, IBk, 91.47971216060954, 76.72527763088313, 81.68914123491838, 1114.0, 57.0, 201.0, 37.0, 0.9513236549957301, 0.9678540399652477, 0.9718933317169431, 0.7700813809768496
ZOOKEEPER, None, BestFirst, 17, NaiveBayes, 92.0255982192543, 77.14821309790167, 81.99581297976273, 1175.0, 258.0, 0.0, 0.0, 0.8199581297976274, 1.0, 0.6299422728022431, 0.0
ZOOKEEPER, None, BestFirst, 17, RandomForest, 92.0255982192543, 77.14821309790167, 81.99581297976273, 1116.0, 57.0, 201.0, 59.0, 0.9514066496163683, 0.9497872340425532, 0.9661636153719281, 0.7266589271443465
ZOOKEEPER, None, BestFirst, 17, IBk, 92.0255982192543, 77.14821309790167, 81.99581297976273, 1116.0, 57.0, 201.0, 59.0, 0.9514066496163683, 0.9497872340425532, 0.966051459673429, 0.7266589271443465
ZOOKEEPER, None, BestFirst, 18, NaiveBayes, 92.58114374034004, 77.53478018920423, 82.01388888888889, 1181.0, 259.0, 0.0, 0.0, 0.8201388888888889, 1.0, 0.6290493953491413, 0.0
ZOOKEEPER, None, BestFirst, 18, RandomForest, 92.58114374034004, 77.53478018920423, 82.01388888888889, 1118.0, 57.0, 202.0, 63.0, 0.9514893617021276, 0.9466553767993227, 0.9659554922044338, 0.720066743345915
ZOOKEEPER, None, BestFirst, 18, IBk, 92.58114374034004, 77.53478018920423, 82.01388888888889, 1118.0, 57.0, 202.0, 63.0, 0.9514893617021276, 0.9466553767993227, 0.9659554922044338, 0.720066743345915
ZOOKEEPER, None, BestFirst, 19, NaiveBayes, 93.07120594581635, 77.86707882534776, 81.93771626297578, 1184.0, 261.0, 0.0, 0.0, 0.8193771626297578, 1.0, 0.628756989748369, 0.0
ZOOKEEPER, None, BestFirst, 19, RandomForest, 93.07120594581635, 77.86707882534776, 81.93771626297578, 1124.0, 59.0, 202.0, 60.0, 0.9501267962806424, 0.9493243243243243, 0.9611033447240344, 0.7221921543981865
ZOOKEEPER, None, BestFirst, 19, IBk, 93.07120594581635, 77.86707882534776, 81.93771626297578, 1124.0, 59.0, 202.0, 60.0, 0.9501267962806424, 0.9493243243243243, 0.963349124987056, 0.7221921543981865
ZOOKEEPER, UnderSampling, None, 2, NaiveBayes, 49.82728842832469, 61.178509532062385, 61.44578313253012, 191.0, 0.0, 224.0, 166.0, 1.0, 0.5350140056022409, 0.6390556222488996, 0.47011768325513426
ZOOKEEPER, UnderSampling, None, 2, RandomForest, 49.82728842832469, 61.178509532062385, 61.44578313253012, 323.0, 1.0, 223.0, 34.0, 0.9969135802469136, 0.9047619047619048, 0.9858881052420968, 0.8762513312034079
ZOOKEEPER, UnderSampling, None, 2, IBk, 49.82728842832469, 61.178509532062385, 61.44578313253012, 323.0, 1.0, 223.0, 34.0, 0.9969135802469136, 0.9047619047619048, 0.9883203281312525, 0.8762513312034079
ZOOKEEPER, OverSampling, None, 2, NaiveBayes, 49.82728842832469, 61.178509532062385, 61.44578313253012, 191.0, 0.0, 224.0, 166.0, 1.0, 0.5350140056022409, 0.6674169667867147, 0.47011768325513426
ZOOKEEPER, OverSampling, None, 2, RandomForest, 49.82728842832469, 61.178509532062385, 61.44578313253012, 324.0, 4.0, 220.0, 33.0, 0.9878048780487805, 0.907563025210084, 0.9855379651860744, 0.8687550750032051
ZOOKEEPER, OverSampling, None, 2, IBk, 49.82728842832469, 61.178509532062385, 61.44578313253012, 323.0, 4.0, 220.0, 34.0, 0.9877675840978594, 0.9047619047619048, 0.9878701480592237, 0.8653172773080536
ZOOKEEPER, SMOTE, None, 2, NaiveBayes, 49.82728842832469, 61.178509532062385, 61.44578313253012, 191.0, 0.0, 224.0, 166.0, 1.0, 0.5350140056022409, 0.6427008303321329, 0.47011768325513426
ZOOKEEPER, SMOTE, None, 2, RandomForest, 49.82728842832469, 61.178509532062385, 61.44578313253012, 323.0, 1.0, 223.0, 34.0, 0.9969135802469136, 0.9047619047619048, 0.9880264605842337, 0.8762513312034079
ZOOKEEPER, SMOTE, None, 2, IBk, 49.82728842832469, 61.178509532062385, 61.44578313253012, 322.0, 1.0, 223.0, 35.0, 0.9969040247678018, 0.9019607843137255, 0.9886579631852741, 0.8728185919809314
ZOOKEEPER, UnderSampling, None, 3, NaiveBayes, 63.76651982378855, 61.3126079447323, 65.80547112462007, 191.0, 0.0, 225.0, 242.0, 1.0, 0.44110854503464203, 0.5729740826276623, 0.3505501945461812
ZOOKEEPER, UnderSampling, None, 3, RandomForest, 63.76651982378855, 61.3126079447323, 65.80547112462007, 341.0, 1.0, 224.0, 92.0, 0.9970760233918129, 0.7875288683602771, 0.939183987682833, 0.7137497778068838
ZOOKEEPER, UnderSampling, None, 3, IBk, 63.76651982378855, 61.3126079447323, 65.80547112462007, 341.0, 1.0, 224.0, 92.0, 0.9970760233918129, 0.7875288683602771, 0.9476417757249166, 0.7137497778068838
ZOOKEEPER, OverSampling, None, 3, NaiveBayes, 63.76651982378855, 61.3126079447323, 65.80547112462007, 191.0, 0.0, 225.0, 242.0, 1.0, 0.44110854503464203, 0.591172696946369, 0.3505501945461812
ZOOKEEPER, OverSampling, None, 3, RandomForest, 63.76651982378855, 61.3126079447323, 65.80547112462007, 341.0, 1.0, 224.0, 92.0, 0.9970760233918129, 0.7875288683602771, 0.935930202720041, 0.7137497778068838
ZOOKEEPER, OverSampling, None, 3, IBk, 63.76651982378855, 61.3126079447323, 65.80547112462007, 341.0, 1.0, 224.0, 92.0, 0.9970760233918129, 0.7875288683602771, 0.9440492686682063, 0.7137497778068838
ZOOKEEPER, SMOTE, None, 3, NaiveBayes, 63.76651982378855, 61.3126079447323, 65.80547112462007, 191.0, 0.0, 225.0, 242.0, 1.0, 0.44110854503464203, 0.6006004618937645, 0.3505501945461812
ZOOKEEPER, SMOTE, None, 3, RandomForest, 63.76651982378855, 61.3126079447323, 65.80547112462007, 341.0, 1.0, 224.0, 92.0, 0.9970760233918129, 0.7875288683602771, 0.9411547344110854, 0.7137497778068838
ZOOKEEPER, SMOTE, None, 3, IBk, 63.76651982378855, 61.3126079447323, 65.80547112462007, 341.0, 1.0, 224.0, 92.0, 0.9970760233918129, 0.7875288683602771, 0.9433153707980498, 0.7137497778068838
ZOOKEEPER, UnderSampling, None, 4, NaiveBayes, 73.31449333871619, 62.940528634361236, 65.9606656580938, 191.0, 0.0, 225.0, 245.0, 1.0, 0.4380733944954128, 0.5808715596330275, 0.34671937715565065
ZOOKEEPER, UnderSampling, None, 4, RandomForest, 73.31449333871619, 62.940528634361236, 65.9606656580938, 403.0, 1.0, 224.0, 33.0, 0.9975247524752475, 0.9243119266055045, 0.9901325178389399, 0.8892644566202847
ZOOKEEPER, UnderSampling, None, 4, IBk, 73.31449333871619, 62.940528634361236, 65.9606656580938, 403.0, 1.0, 224.0, 33.0, 0.9975247524752475, 0.9243119266055045, 0.9917737003058104, 0.8892644566202847
ZOOKEEPER, OverSampling, None, 4, NaiveBayes, 73.31449333871619, 62.940528634361236, 65.9606656580938, 191.0, 0.0, 225.0, 245.0, 1.0, 0.4380733944954128, 0.5974260958205913, 0.34671937715565065
ZOOKEEPER, OverSampling, None, 4, RandomForest, 73.31449333871619, 62.940528634361236, 65.9606656580938, 403.0, 1.0, 224.0, 33.0, 0.9975247524752475, 0.9243119266055045, 0.9888888888888889, 0.8892644566202847
ZOOKEEPER, OverSampling, None, 4, IBk, 73.31449333871619, 62.940528634361236, 65.9606656580938, 403.0, 1.0, 224.0, 33.0, 0.9975247524752475, 0.9243119266055045, 0.990316004077472, 0.8892644566202847
ZOOKEEPER, SMOTE, None, 4, NaiveBayes, 73.31449333871619, 62.940528634361236, 65.9606656580938, 191.0, 0.0, 225.0, 245.0, 1.0, 0.4380733944954128, 0.5890112130479103, 0.34671937715565065
ZOOKEEPER, SMOTE, None, 4, RandomForest, 73.31449333871619, 62.940528634361236, 65.9606656580938, 403.0, 1.0, 224.0, 33.0, 0.9975247524752475, 0.9243119266055045, 0.9937818552497452, 0.8892644566202847
ZOOKEEPER, SMOTE, None, 4, IBk, 73.31449333871619, 62.940528634361236, 65.9606656580938, 406.0, 2.0, 223.0, 30.0, 0.9950980392156863, 0.9311926605504587, 0.9937665647298675, 0.8953430838957388
ZOOKEEPER, UnderSampling, None, 5, NaiveBayes, 75.44928419128846, 63.746467501009285, 72.08436724565756, 191.0, 0.0, 225.0, 390.0, 1.0, 0.3287435456110155, 0.49677567412507173, 0.21471932848684702
ZOOKEEPER, UnderSampling, None, 5, RandomForest, 75.44928419128846, 63.746467501009285, 72.08436724565756, 451.0, 2.0, 223.0, 130.0, 0.9955849889624724, 0.7762478485370051, 0.9435647351310001, 0.6534665719925217
ZOOKEEPER, UnderSampling, None, 5, IBk, 75.44928419128846, 63.746467501009285, 72.08436724565756, 451.0, 2.0, 223.0, 130.0, 0.9955849889624724, 0.7762478485370051, 0.9601568177471792, 0.6534665719925217
ZOOKEEPER, OverSampling, None, 5, NaiveBayes, 75.44928419128846, 63.746467501009285, 72.08436724565756, 191.0, 0.0, 225.0, 390.0, 1.0, 0.3287435456110155, 0.49677567412507173, 0.21471932848684702
ZOOKEEPER, OverSampling, None, 5, RandomForest, 75.44928419128846, 63.746467501009285, 72.08436724565756, 451.0, 2.0, 223.0, 130.0, 0.9955849889624724, 0.7762478485370051, 0.9502428762669727, 0.6534665719925217
ZOOKEEPER, OverSampling, None, 5, IBk, 75.44928419128846, 63.746467501009285, 72.08436724565756, 451.0, 2.0, 223.0, 130.0, 0.9955849889624724, 0.7762478485370051, 0.9653891757506216, 0.6534665719925217
ZOOKEEPER, SMOTE, None, 5, NaiveBayes, 75.44928419128846, 63.746467501009285, 72.08436724565756, 191.0, 0.0, 225.0, 390.0, 1.0, 0.3287435456110155, 0.48218779881430485, 0.21471932848684702
ZOOKEEPER, SMOTE, None, 5, RandomForest, 75.44928419128846, 63.746467501009285, 72.08436724565756, 451.0, 2.0, 223.0, 130.0, 0.9955849889624724, 0.7762478485370051, 0.9493631669535284, 0.6534665719925217
ZOOKEEPER, SMOTE, None, 5, IBk, 75.44928419128846, 63.746467501009285, 72.08436724565756, 451.0, 2.0, 223.0, 130.0, 0.9955849889624724, 0.7762478485370051, 0.9644788678523618, 0.6534665719925217
ZOOKEEPER, UnderSampling, None, 6, NaiveBayes, 80.13180375884794, 65.79348157173317, 72.35872235872236, 191.0, 0.0, 225.0, 398.0, 1.0, 0.3242784380305603, 0.5075947934352009, 0.20967403554822628
ZOOKEEPER, UnderSampling, None, 6, RandomForest, 80.13180375884794, 65.79348157173317, 72.35872235872236, 521.0, 2.0, 223.0, 68.0, 0.9961759082217974, 0.8845500848896435, 0.9699075646104509, 0.8028878418674803
ZOOKEEPER, UnderSampling, None, 6, IBk, 80.13180375884794, 65.79348157173317, 72.35872235872236, 521.0, 2.0, 223.0, 68.0, 0.9961759082217974, 0.8845500848896435, 0.9747972080739483, 0.8028878418674803
ZOOKEEPER, OverSampling, None, 6, NaiveBayes, 80.13180375884794, 65.79348157173317, 72.35872235872236, 191.0, 0.0, 225.0, 398.0, 1.0, 0.3242784380305603, 0.5075947934352009, 0.20967403554822628
ZOOKEEPER, OverSampling, None, 6, RandomForest, 80.13180375884794, 65.79348157173317, 72.35872235872236, 521.0, 2.0, 223.0, 68.0, 0.9961759082217974, 0.8845500848896435, 0.9697943784191662, 0.8028878418674803
ZOOKEEPER, OverSampling, None, 6, IBk, 80.13180375884794, 65.79348157173317, 72.35872235872236, 521.0, 2.0, 223.0, 68.0, 0.9961759082217974, 0.8845500848896435, 0.9746840218826637, 0.8028878418674803
ZOOKEEPER, SMOTE, None, 6, NaiveBayes, 80.13180375884794, 65.79348157173317, 72.35872235872236, 191.0, 0.0, 225.0, 398.0, 1.0, 0.3242784380305603, 0.49088473872854177, 0.20967403554822628
ZOOKEEPER, SMOTE, None, 6, RandomForest, 80.13180375884794, 65.79348157173317, 72.35872235872236, 521.0, 2.0, 223.0, 68.0, 0.9961759082217974, 0.8845500848896435, 0.9701112997547633, 0.8028878418674803
ZOOKEEPER, SMOTE, None, 6, IBk, 80.13180375884794, 65.79348157173317, 72.35872235872236, 521.0, 2.0, 223.0, 68.0, 0.9961759082217974, 0.8845500848896435, 0.9750009432182607, 0.8028878418674803
ZOOKEEPER, UnderSampling, None, 7, NaiveBayes, 82.61746319822545, 67.09787649499633, 73.66589327146171, 191.0, 0.0, 227.0, 444.0, 1.0, 0.30078740157480316, 0.47678032536681814, 0.184717174858662
ZOOKEEPER, UnderSampling, None, 7, RandomForest, 82.61746319822545, 67.09787649499633, 73.66589327146171, 582.0, 2.0, 225.0, 53.0, 0.9965753424657534, 0.9165354330708662, 0.9910090533837456, 0.8466182246407289
ZOOKEEPER, UnderSampling, None, 7, IBk, 82.61746319822545, 67.09787649499633, 73.66589327146171, 584.0, 2.0, 225.0, 51.0, 0.9965870307167235, 0.9196850393700787, 0.9916403621353498, 0.851804516643852
ZOOKEEPER, OverSampling, None, 7, NaiveBayes, 82.61746319822545, 67.09787649499633, 73.66589327146171, 191.0, 85.0, 142.0, 444.0, 0.6920289855072463, 0.30078740157480316, 0.47678032536681814, -0.04884511525846322
ZOOKEEPER, OverSampling, None, 7, RandomForest, 82.61746319822545, 67.09787649499633, 73.66589327146171, 582.0, 2.0, 225.0, 53.0, 0.9965753424657534, 0.9165354330708662, 0.9906621804433036, 0.8466182246407289
ZOOKEEPER, OverSampling, None, 7, IBk, 82.61746319822545, 67.09787649499633, 73.66589327146171, 584.0, 2.0, 225.0, 51.0, 0.9965870307167235, 0.9196850393700787, 0.9912518644420549, 0.851804516643852
ZOOKEEPER, SMOTE, None, 7, NaiveBayes, 82.61746319822545, 67.09787649499633, 73.66589327146171, 191.0, 0.0, 227.0, 444.0, 1.0, 0.30078740157480316, 0.47678032536681814, 0.184717174858662
ZOOKEEPER, SMOTE, None, 7, RandomForest, 82.61746319822545, 67.09787649499633, 73.66589327146171, 582.0, 2.0, 225.0, 53.0, 0.9965753424657534, 0.9165354330708662, 0.9913073641125256, 0.8466182246407289
ZOOKEEPER, SMOTE, None, 7, IBk, 82.61746319822545, 67.09787649499633, 73.66589327146171, 584.0, 2.0, 225.0, 51.0, 0.9965870307167235, 0.9196850393700787, 0.9921814839224392, 0.851804516643852
ZOOKEEPER, UnderSampling, None, 8, NaiveBayes, 83.80936285279702, 68.23956442831216, 76.30480167014613, 191.0, 0.0, 227.0, 540.0, 1.0, 0.2612859097127223, 0.47973025907422695, 0.1435581440779824
ZOOKEEPER, UnderSampling, None, 8, RandomForest, 83.80936285279702, 68.23956442831216, 76.30480167014613, 667.0, 2.0, 225.0, 64.0, 0.9970104633781763, 0.9124487004103967, 0.9901950740341214, 0.8258767025958218
ZOOKEEPER, UnderSampling, None, 8, IBk, 83.80936285279702, 68.23956442831216, 76.30480167014613, 667.0, 2.0, 225.0, 64.0, 0.9970104633781763, 0.9124487004103967, 0.9910508204921145, 0.8258767025958218
ZOOKEEPER, OverSampling, None, 8, NaiveBayes, 83.80936285279702, 68.23956442831216, 76.30480167014613, 191.0, 85.0, 142.0, 540.0, 0.6920289855072463, 0.2612859097127223, 0.46124734085827757, -0.06692159930434037
ZOOKEEPER, OverSampling, None, 8, RandomForest, 83.80936285279702, 68.23956442831216, 76.30480167014613, 667.0, 2.0, 225.0, 64.0, 0.9970104633781763, 0.9124487004103967, 0.9913882979685061, 0.8258767025958218
ZOOKEEPER, OverSampling, None, 8, IBk, 83.80936285279702, 68.23956442831216, 76.30480167014613, 667.0, 2.0, 225.0, 64.0, 0.9970104633781763, 0.9124487004103967, 0.9922440444264992, 0.8258767025958218
ZOOKEEPER, SMOTE, None, 8, NaiveBayes, 83.80936285279702, 68.23956442831216, 76.30480167014613, 191.0, 85.0, 142.0, 540.0, 0.6920289855072463, 0.2612859097127223, 0.47973025907422695, -0.06692159930434037
ZOOKEEPER, SMOTE, None, 8, RandomForest, 83.80936285279702, 68.23956442831216, 76.30480167014613, 667.0, 2.0, 225.0, 64.0, 0.9970104633781763, 0.9124487004103967, 0.9898937548587717, 0.8258767025958218
ZOOKEEPER, SMOTE, None, 8, IBk, 83.80936285279702, 68.23956442831216, 76.30480167014613, 667.0, 2.0, 225.0, 64.0, 0.9970104633781763, 0.9124487004103967, 0.9906651319476669, 0.8258767025958218
ZOOKEEPER, UnderSampling, None, 9, NaiveBayes, 85.96542205433677, 69.54537772519858, 76.50103519668737, 191.0, 85.0, 142.0, 548.0, 0.6920289855072463, 0.2584573748308525, 0.49488831794364335, -0.0679681851048446
ZOOKEEPER, UnderSampling, None, 9, RandomForest, 85.96542205433677, 69.54537772519858, 76.50103519668737, 678.0, 2.0, 225.0, 61.0, 0.9970588235294118, 0.9174560216508796, 0.9906946522565916, 0.8335912762431847
ZOOKEEPER, UnderSampling, None, 9, IBk, 85.96542205433677, 69.54537772519858, 76.50103519668737, 678.0, 2.0, 225.0, 61.0, 0.9970588235294118, 0.9174560216508796, 0.9912430776200724, 0.8335912762431847
ZOOKEEPER, OverSampling, None, 9, NaiveBayes, 85.96542205433677, 69.54537772519858, 76.50103519668737, 191.0, 85.0, 142.0, 548.0, 0.6920289855072463, 0.2584573748308525, 0.49488831794364335, -0.0679681851048446
ZOOKEEPER, OverSampling, None, 9, RandomForest, 85.96542205433677, 69.54537772519858, 76.50103519668737, 678.0, 2.0, 225.0, 61.0, 0.9970588235294118, 0.9174560216508796, 0.9901581491836211, 0.8335912762431847
ZOOKEEPER, OverSampling, None, 9, IBk, 85.96542205433677, 69.54537772519858, 76.50103519668737, 678.0, 2.0, 225.0, 61.0, 0.9970588235294118, 0.9174560216508796, 0.9909569426478215, 0.8335912762431847
ZOOKEEPER, SMOTE, None, 9, NaiveBayes, 85.96542205433677, 69.54537772519858, 76.50103519668737, 191.0, 85.0, 142.0, 548.0, 0.6920289855072463, 0.2584573748308525, 0.49488831794364335, -0.0679681851048446
ZOOKEEPER, SMOTE, None, 9, RandomForest, 85.96542205433677, 69.54537772519858, 76.50103519668737, 678.0, 2.0, 225.0, 61.0, 0.9970588235294118, 0.9174560216508796, 0.9928764314200044, 0.8335912762431847
ZOOKEEPER, SMOTE, None, 9, IBk, 85.96542205433677, 69.54537772519858, 76.50103519668737, 678.0, 2.0, 225.0, 61.0, 0.9970588235294118, 0.9174560216508796, 0.9928764314200044, 0.8335912762431847
ZOOKEEPER, UnderSampling, None, 10, NaiveBayes, 83.9390243902439, 70.52157489466802, 82.76385725132877, 403.0, 85.0, 142.0, 687.0, 0.8258196721311475, 0.3697247706422018, 0.5636018267792912, -0.0023048425352873727
ZOOKEEPER, UnderSampling, None, 10, RandomForest, 83.9390243902439, 70.52157489466802, 82.76385725132877, 1008.0, 2.0, 225.0, 82.0, 0.998019801980198, 0.9247706422018349, 0.9911813442185669, 0.8038162794821776
ZOOKEEPER, UnderSampling, None, 10, IBk, 83.9390243902439, 70.52157489466802, 82.76385725132877, 1008.0, 2.0, 225.0, 82.0, 0.998019801980198, 0.9247706422018349, 0.9911813442185669, 0.8038162794821776
ZOOKEEPER, OverSampling, None, 10, NaiveBayes, 83.9390243902439, 70.52157489466802, 82.76385725132877, 403.0, 85.0, 142.0, 687.0, 0.8258196721311475, 0.3697247706422018, 0.5636018267792912, -0.0023048425352873727
ZOOKEEPER, OverSampling, None, 10, RandomForest, 83.9390243902439, 70.52157489466802, 82.76385725132877, 1008.0, 2.0, 225.0, 82.0, 0.998019801980198, 0.9247706422018349, 0.9916461221355535, 0.8038162794821776
ZOOKEEPER, OverSampling, None, 10, IBk, 83.9390243902439, 70.52157489466802, 82.76385725132877, 1008.0, 2.0, 225.0, 82.0, 0.998019801980198, 0.9247706422018349, 0.9916905791537001, 0.8038162794821776
ZOOKEEPER, SMOTE, None, 10, NaiveBayes, 83.9390243902439, 70.52157489466802, 82.76385725132877, 403.0, 85.0, 142.0, 687.0, 0.8258196721311475, 0.3697247706422018, 0.5636018267792912, -0.0023048425352873727
ZOOKEEPER, SMOTE, None, 10, RandomForest, 83.9390243902439, 70.52157489466802, 82.76385725132877, 1008.0, 2.0, 225.0, 82.0, 0.998019801980198, 0.9247706422018349, 0.9912662167077557, 0.8038162794821776
ZOOKEEPER, SMOTE, None, 10, IBk, 83.9390243902439, 70.52157489466802, 82.76385725132877, 1008.0, 2.0, 225.0, 82.0, 0.998019801980198, 0.9247706422018349, 0.9912662167077557, 0.8038162794821776
ZOOKEEPER, UnderSampling, None, 11, NaiveBayes, 86.08923884514435, 72.48780487804878, 81.88679245283019, 403.0, 85.0, 155.0, 682.0, 0.8258196721311475, 0.37142857142857144, 0.5654723502304148, 0.008768464738384676
ZOOKEEPER, UnderSampling, None, 11, RandomForest, 86.08923884514435, 72.48780487804878, 81.88679245283019, 995.0, 13.0, 227.0, 90.0, 0.9871031746031746, 0.9170506912442397, 0.9644642857142857, 0.767053843462231
ZOOKEEPER, UnderSampling, None, 11, IBk, 86.08923884514435, 72.48780487804878, 81.88679245283019, 995.0, 13.0, 227.0, 90.0, 0.9871031746031746, 0.9170506912442397, 0.9536290322580645, 0.767053843462231
ZOOKEEPER, OverSampling, None, 11, NaiveBayes, 86.08923884514435, 72.48780487804878, 81.88679245283019, 403.0, 85.0, 155.0, 682.0, 0.8258196721311475, 0.37142857142857144, 0.5654723502304148, 0.008768464738384676
ZOOKEEPER, OverSampling, None, 11, RandomForest, 86.08923884514435, 72.48780487804878, 81.88679245283019, 995.0, 13.0, 227.0, 90.0, 0.9871031746031746, 0.9170506912442397, 0.964318356374808, 0.767053843462231
ZOOKEEPER, OverSampling, None, 11, IBk, 86.08923884514435, 72.48780487804878, 81.88679245283019, 995.0, 13.0, 227.0, 90.0, 0.9871031746031746, 0.9170506912442397, 0.9534888632872504, 0.767053843462231
ZOOKEEPER, SMOTE, None, 11, NaiveBayes, 86.08923884514435, 72.48780487804878, 81.88679245283019, 403.0, 85.0, 155.0, 682.0, 0.8258196721311475, 0.37142857142857144, 0.5654723502304148, 0.008768464738384676
ZOOKEEPER, SMOTE, None, 11, RandomForest, 86.08923884514435, 72.48780487804878, 81.88679245283019, 999.0, 14.0, 226.0, 86.0, 0.9861796643632774, 0.9207373271889401, 0.9642146697388633, 0.7721958599821196
ZOOKEEPER, SMOTE, None, 11, IBk, 86.08923884514435, 72.48780487804878, 81.88679245283019, 999.0, 14.0, 226.0, 86.0, 0.9861796643632774, 0.9207373271889401, 0.950697004608295, 0.7721958599821196
ZOOKEEPER, UnderSampling, None, 12, NaiveBayes, 87.2013183191431, 73.79527559055119, 81.68812589413447, 590.0, 13.0, 243.0, 552.0, 0.978441127694859, 0.5166374781085814, 0.6394603081217163, 0.25642358071203036
ZOOKEEPER, UnderSampling, None, 12, RandomForest, 87.2013183191431, 73.79527559055119, 81.68812589413447, 1050.0, 29.0, 227.0, 92.0, 0.9731232622798888, 0.9194395796847635, 0.9294497728765324, 0.7359060266470159
ZOOKEEPER, UnderSampling, None, 12, IBk, 87.2013183191431, 73.79527559055119, 81.68812589413447, 1050.0, 29.0, 227.0, 92.0, 0.9731232622798888, 0.9194395796847635, 0.942422148642732, 0.7359060266470159
ZOOKEEPER, OverSampling, None, 12, NaiveBayes, 87.2013183191431, 73.79527559055119, 81.68812589413447, 590.0, 13.0, 243.0, 552.0, 0.978441127694859, 0.5166374781085814, 0.6394603081217163, 0.25642358071203036
ZOOKEEPER, OverSampling, None, 12, RandomForest, 87.2013183191431, 73.79527559055119, 81.68812589413447, 1050.0, 29.0, 227.0, 92.0, 0.9731232622798888, 0.9194395796847635, 0.9293403157837128, 0.7359060266470159
ZOOKEEPER, OverSampling, None, 12, IBk, 87.2013183191431, 73.79527559055119, 81.68812589413447, 1050.0, 29.0, 227.0, 92.0, 0.9731232622798888, 0.9194395796847635, 0.9422955888791593, 0.7359060266470159
ZOOKEEPER, SMOTE, None, 12, NaiveBayes, 87.2013183191431, 73.79527559055119, 81.68812589413447, 590.0, 98.0, 158.0, 552.0, 0.8575581395348837, 0.5166374781085814, 0.6394603081217163, 0.07928279909377196
ZOOKEEPER, SMOTE, None, 12, RandomForest, 87.2013183191431, 73.79527559055119, 81.68812589413447, 1050.0, 29.0, 227.0, 92.0, 0.9731232622798888, 0.9194395796847635, 0.9294668755472855, 0.7359060266470159
ZOOKEEPER, SMOTE, None, 12, IBk, 87.2013183191431, 73.79527559055119, 81.68812589413447, 1050.0, 29.0, 227.0, 92.0, 0.9731232622798888, 0.9194395796847635, 0.9430891528021016, 0.7359060266470159
ZOOKEEPER, UnderSampling, None, 13, NaiveBayes, 88.65351838324811, 74.80545637645335, 81.68812589413447, 590.0, 13.0, 243.0, 552.0, 0.978441127694859, 0.5166374781085814, 0.6387095008756567, 0.25642358071203036
ZOOKEEPER, UnderSampling, None, 13, RandomForest, 88.65351838324811, 74.80545637645335, 81.68812589413447, 1050.0, 29.0, 227.0, 92.0, 0.9731232622798888, 0.9194395796847635, 0.973571242885289, 0.7359060266470159
ZOOKEEPER, UnderSampling, None, 13, IBk, 88.65351838324811, 74.80545637645335, 81.68812589413447, 1050.0, 29.0, 227.0, 92.0, 0.9731232622798888, 0.9194395796847635, 0.973571242885289, 0.7359060266470159
ZOOKEEPER, OverSampling, None, 13, NaiveBayes, 88.65351838324811, 74.80545637645335, 81.68812589413447, 590.0, 13.0, 243.0, 552.0, 0.978441127694859, 0.5166374781085814, 0.6387095008756567, 0.25642358071203036
ZOOKEEPER, OverSampling, None, 13, RandomForest, 88.65351838324811, 74.80545637645335, 81.68812589413447, 1050.0, 29.0, 227.0, 92.0, 0.9731232622798888, 0.9194395796847635, 0.9730786859676007, 0.7359060266470159
ZOOKEEPER, OverSampling, None, 13, IBk, 88.65351838324811, 74.80545637645335, 81.68812589413447, 1050.0, 29.0, 227.0, 92.0, 0.9731232622798888, 0.9194395796847635, 0.9730171163528897, 0.7359060266470159
ZOOKEEPER, SMOTE, None, 13, NaiveBayes, 88.65351838324811, 74.80545637645335, 81.68812589413447, 590.0, 98.0, 158.0, 552.0, 0.8575581395348837, 0.5166374781085814, 0.6393440099605955, 0.07928279909377196
ZOOKEEPER, SMOTE, None, 13, RandomForest, 88.65351838324811, 74.80545637645335, 81.68812589413447, 1073.0, 36.0, 220.0, 69.0, 0.9675383228133454, 0.9395796847635727, 0.9733762724387041, 0.7609057533122022
ZOOKEEPER, SMOTE, None, 13, IBk, 88.65351838324811, 74.80545637645335, 81.68812589413447, 1073.0, 36.0, 220.0, 69.0, 0.9675383228133454, 0.9395796847635727, 0.9733762724387041, 0.7609057533122022
ZOOKEEPER, UnderSampling, None, 14, NaiveBayes, 89.77703293500437, 75.58639720801882, 81.75338560228083, 590.0, 13.0, 243.0, 557.0, 0.978441127694859, 0.5143853530950305, 0.6361329827811683, 0.25397959640586293
ZOOKEEPER, UnderSampling, None, 14, RandomForest, 89.77703293500437, 75.58639720801882, 81.75338560228083, 1055.0, 29.0, 227.0, 92.0, 0.9732472324723247, 0.9197907585004359, 0.9733339690496948, 0.736145801115019
ZOOKEEPER, UnderSampling, None, 14, IBk, 89.77703293500437, 75.58639720801882, 81.75338560228083, 1055.0, 29.0, 227.0, 92.0, 0.9732472324723247, 0.9197907585004359, 0.9733339690496948, 0.736145801115019
ZOOKEEPER, OverSampling, None, 14, NaiveBayes, 89.77703293500437, 75.58639720801882, 81.75338560228083, 590.0, 13.0, 243.0, 557.0, 0.978441127694859, 0.5143853530950305, 0.6361329827811683, 0.25397959640586293
ZOOKEEPER, OverSampling, None, 14, RandomForest, 89.77703293500437, 75.58639720801882, 81.75338560228083, 1050.0, 28.0, 228.0, 97.0, 0.974025974025974, 0.9154315605928509, 0.9734565714908456, 0.7296695301529266
ZOOKEEPER, OverSampling, None, 14, IBk, 89.77703293500437, 75.58639720801882, 81.75338560228083, 1050.0, 28.0, 228.0, 97.0, 0.974025974025974, 0.9154315605928509, 0.9733373746730601, 0.7296695301529266
ZOOKEEPER, SMOTE, None, 14, NaiveBayes, 89.77703293500437, 75.58639720801882, 81.75338560228083, 590.0, 98.0, 158.0, 557.0, 0.8575581395348837, 0.5143853530950305, 0.6392167747384482, 0.07756016915721531
ZOOKEEPER, SMOTE, None, 14, RandomForest, 89.77703293500437, 75.58639720801882, 81.75338560228083, 1078.0, 36.0, 220.0, 69.0, 0.9676840215439856, 0.939843068875327, 0.973323752179599, 0.7611109399400325
ZOOKEEPER, SMOTE, None, 14, IBk, 89.77703293500437, 75.58639720801882, 81.75338560228083, 1078.0, 36.0, 220.0, 69.0, 0.9676840215439856, 0.939843068875327, 0.9733067240627724, 0.7611109399400325
ZOOKEEPER, UnderSampling, None, 15, NaiveBayes, 90.71919619249074, 76.21684640046634, 81.69515669515668, 590.0, 13.0, 244.0, 557.0, 0.978441127694859, 0.5143853530950305, 0.6356219405045814, 0.2546646326130325
ZOOKEEPER, UnderSampling, None, 15, RandomForest, 90.71919619249074, 76.21684640046634, 81.69515669515668, 1055.0, 29.0, 228.0, 92.0, 0.9732472324723247, 0.9197907585004359, 0.9736378778678264, 0.7368701481348393
ZOOKEEPER, UnderSampling, None, 15, IBk, 90.71919619249074, 76.21684640046634, 81.69515669515668, 1055.0, 29.0, 228.0, 92.0, 0.9732472324723247, 0.9197907585004359, 0.9734818287598506, 0.7368701481348393
ZOOKEEPER, OverSampling, None, 15, NaiveBayes, 90.71919619249074, 76.21684640046634, 81.69515669515668, 590.0, 13.0, 244.0, 557.0, 0.978441127694859, 0.5143853530950305, 0.6356219405045814, 0.2546646326130325
ZOOKEEPER, OverSampling, None, 15, RandomForest, 90.71919619249074, 76.21684640046634, 81.69515669515668, 1055.0, 29.0, 228.0, 92.0, 0.9732472324723247, 0.9197907585004359, 0.9734004118339502, 0.7368701481348393
ZOOKEEPER, OverSampling, None, 15, IBk, 90.71919619249074, 76.21684640046634, 81.69515669515668, 1055.0, 29.0, 228.0, 92.0, 0.9732472324723247, 0.9197907585004359, 0.9733393491395249, 0.7368701481348393
ZOOKEEPER, SMOTE, None, 15, NaiveBayes, 90.71919619249074, 76.21684640046634, 81.69515669515668, 590.0, 98.0, 159.0, 557.0, 0.8575581395348837, 0.5143853530950305, 0.638693733271366, 0.07859985491970489
ZOOKEEPER, SMOTE, None, 15, RandomForest, 90.71919619249074, 76.21684640046634, 81.69515669515668, 1078.0, 36.0, 221.0, 69.0, 0.9676840215439856, 0.939843068875327, 0.973549676198101, 0.7618139751311948
ZOOKEEPER, SMOTE, None, 15, IBk, 90.71919619249074, 76.21684640046634, 81.69515669515668, 1078.0, 36.0, 221.0, 69.0, 0.9676840215439856, 0.939843068875327, 0.973563245685751, 0.7618139751311948
ZOOKEEPER, UnderSampling, None, 16, NaiveBayes, 91.47971216060954, 76.72527763088313, 81.68914123491838, 590.0, 13.0, 245.0, 561.0, 0.978441127694859, 0.5125977410947002, 0.6348254635335636, 0.25341001403145996
ZOOKEEPER, UnderSampling, None, 16, RandomForest, 91.47971216060954, 76.72527763088313, 81.68914123491838, 1056.0, 30.0, 228.0, 95.0, 0.9723756906077348, 0.9174630755864466, 0.9704267943614922, 0.72985347283043
ZOOKEEPER, UnderSampling, None, 16, IBk, 91.47971216060954, 76.72527763088313, 81.68914123491838, 1056.0, 30.0, 228.0, 95.0, 0.9723756906077348, 0.9174630755864466, 0.9715666861980482, 0.72985347283043
ZOOKEEPER, OverSampling, None, 16, NaiveBayes, 91.47971216060954, 76.72527763088313, 81.68914123491838, 590.0, 13.0, 245.0, 561.0, 0.978441127694859, 0.5125977410947002, 0.6348254635335636, 0.25341001403145996
ZOOKEEPER, OverSampling, None, 16, RandomForest, 91.47971216060954, 76.72527763088313, 81.68914123491838, 1056.0, 30.0, 228.0, 95.0, 0.9723756906077348, 0.9174630755864466, 0.9707130301254723, 0.72985347283043
ZOOKEEPER, OverSampling, None, 16, IBk, 91.47971216060954, 76.72527763088313, 81.68914123491838, 1056.0, 30.0, 228.0, 95.0, 0.9723756906077348, 0.9174630755864466, 0.9718428195232995, 0.72985347283043
ZOOKEEPER, SMOTE, None, 16, NaiveBayes, 91.47971216060954, 76.72527763088313, 81.68914123491838, 590.0, 98.0, 160.0, 561.0, 0.8575581395348837, 0.5125977410947002, 0.6380868675031486, 0.07826678247921573
ZOOKEEPER, SMOTE, None, 16, RandomForest, 91.47971216060954, 76.72527763088313, 81.68914123491838, 1079.0, 37.0, 221.0, 72.0, 0.9668458781362007, 0.9374456993918332, 0.9708814041042841, 0.7543376132290206
ZOOKEEPER, SMOTE, None, 16, IBk, 91.47971216060954, 76.72527763088313, 81.68914123491838, 1079.0, 37.0, 221.0, 72.0, 0.9668458781362007, 0.9374456993918332, 0.9718226146458422, 0.7543376132290206
ZOOKEEPER, UnderSampling, None, 17, NaiveBayes, 92.0255982192543, 77.14821309790167, 81.99581297976273, 590.0, 13.0, 245.0, 585.0, 0.978441127694859, 0.502127659574468, 0.6304139864753422, 0.2422039150212588
ZOOKEEPER, UnderSampling, None, 17, RandomForest, 92.0255982192543, 77.14821309790167, 81.99581297976273, 1043.0, 17.0, 241.0, 132.0, 0.9839622641509433, 0.8876595744680851, 0.9665000824674254, 0.7000133472894464
ZOOKEEPER, UnderSampling, None, 17, IBk, 92.0255982192543, 77.14821309790167, 81.99581297976273, 1043.0, 17.0, 241.0, 132.0, 0.9839622641509433, 0.8876595744680851, 0.9663747319808675, 0.7000133472894464
ZOOKEEPER, OverSampling, None, 17, NaiveBayes, 92.0255982192543, 77.14821309790167, 81.99581297976273, 590.0, 13.0, 245.0, 585.0, 0.978441127694859, 0.502127659574468, 0.6304139864753422, 0.2422039150212588
ZOOKEEPER, OverSampling, None, 17, RandomForest, 92.0255982192543, 77.14821309790167, 81.99581297976273, 1058.0, 30.0, 228.0, 117.0, 0.9724264705882353, 0.9004255319148936, 0.9658469404585189, 0.6929639298098323
ZOOKEEPER, OverSampling, None, 17, IBk, 92.0255982192543, 77.14821309790167, 81.99581297976273, 1043.0, 17.0, 241.0, 132.0, 0.9839622641509433, 0.8876595744680851, 0.9658469404585189, 0.7000133472894464
ZOOKEEPER, SMOTE, None, 17, NaiveBayes, 92.0255982192543, 77.14821309790167, 81.99581297976273, 590.0, 98.0, 160.0, 585.0, 0.8575581395348837, 0.502127659574468, 0.6166699653636813, 0.07041644861375339
ZOOKEEPER, SMOTE, None, 17, RandomForest, 92.0255982192543, 77.14821309790167, 81.99581297976273, 1081.0, 37.0, 221.0, 94.0, 0.9669051878354203, 0.92, 0.9661504205838694, 0.7149531787861257
ZOOKEEPER, SMOTE, None, 17, IBk, 92.0255982192543, 77.14821309790167, 81.99581297976273, 1081.0, 37.0, 221.0, 94.0, 0.9669051878354203, 0.92, 0.966051459673429, 0.7149531787861257
ZOOKEEPER, UnderSampling, None, 18, NaiveBayes, 92.58114374034004, 77.53478018920423, 82.01388888888889, 590.0, 13.0, 246.0, 591.0, 0.978441127694859, 0.4995766299745978, 0.6290493953491413, 0.24016794301259578
ZOOKEEPER, UnderSampling, None, 18, RandomForest, 92.58114374034004, 77.53478018920423, 82.01388888888889, 1045.0, 17.0, 242.0, 136.0, 0.9839924670433146, 0.8848433530906011, 0.9656514504101295, 0.6946260166658352
ZOOKEEPER, UnderSampling, None, 18, IBk, 92.58114374034004, 77.53478018920423, 82.01388888888889, 1045.0, 17.0, 242.0, 136.0, 0.9839924670433146, 0.8848433530906011, 0.965569718744994, 0.6946260166658352
ZOOKEEPER, OverSampling, None, 18, NaiveBayes, 92.58114374034004, 77.53478018920423, 82.01388888888889, 590.0, 13.0, 246.0, 591.0, 0.978441127694859, 0.4995766299745978, 0.6290493953491413, 0.24016794301259578
ZOOKEEPER, OverSampling, None, 18, RandomForest, 92.58114374034004, 77.53478018920423, 82.01388888888889, 1045.0, 17.0, 242.0, 136.0, 0.9839924670433146, 0.8848433530906011, 0.9659718385374609, 0.6946260166658352
ZOOKEEPER, OverSampling, None, 18, IBk, 92.58114374034004, 77.53478018920423, 82.01388888888889, 1045.0, 17.0, 242.0, 136.0, 0.9839924670433146, 0.8848433530906011, 0.9657691440079247, 0.6946260166658352
ZOOKEEPER, SMOTE, None, 18, NaiveBayes, 92.58114374034004, 77.53478018920423, 82.01388888888889, 590.0, 98.0, 161.0, 591.0, 0.8575581395348837, 0.4995766299745978, 0.6168942621101808, 0.06953364143808904
ZOOKEEPER, SMOTE, None, 18, RandomForest, 92.58114374034004, 77.53478018920423, 82.01388888888889, 1083.0, 37.0, 222.0, 98.0, 0.9669642857142857, 0.9170194750211685, 0.9659554922044338, 0.7089820359281437
ZOOKEEPER, SMOTE, None, 18, IBk, 92.58114374034004, 77.53478018920423, 82.01388888888889, 1083.0, 37.0, 222.0, 98.0, 0.9669642857142857, 0.9170194750211685, 0.9659554922044338, 0.7089820359281437
ZOOKEEPER, UnderSampling, None, 19, NaiveBayes, 93.07120594581635, 77.86707882534776, 81.93771626297578, 590.0, 13.0, 248.0, 594.0, 0.978441127694859, 0.4983108108108108, 0.628756989748369, 0.24013978901699803
ZOOKEEPER, UnderSampling, None, 19, RandomForest, 93.07120594581635, 77.86707882534776, 81.93771626297578, 1046.0, 19.0, 242.0, 138.0, 0.9821596244131455, 0.8834459459459459, 0.9610936367401884, 0.6883230180591715
ZOOKEEPER, UnderSampling, None, 19, IBk, 93.07120594581635, 77.86707882534776, 81.93771626297578, 1046.0, 19.0, 242.0, 138.0, 0.9821596244131455, 0.8834459459459459, 0.9631128973801387, 0.6883230180591715
ZOOKEEPER, OverSampling, None, 19, NaiveBayes, 93.07120594581635, 77.86707882534776, 81.93771626297578, 590.0, 13.0, 248.0, 594.0, 0.978441127694859, 0.4983108108108108, 0.628756989748369, 0.24013978901699803
ZOOKEEPER, OverSampling, None, 19, RandomForest, 93.07120594581635, 77.86707882534776, 81.93771626297578, 1046.0, 19.0, 242.0, 138.0, 0.9821596244131455, 0.8834459459459459, 0.9606697214455835, 0.6883230180591715
ZOOKEEPER, OverSampling, None, 19, IBk, 93.07120594581635, 77.86707882534776, 81.93771626297578, 1046.0, 19.0, 242.0, 138.0, 0.9821596244131455, 0.8834459459459459, 0.9629155017086052, 0.6883230180591715
ZOOKEEPER, SMOTE, None, 19, NaiveBayes, 93.07120594581635, 77.86707882534776, 81.93771626297578, 590.0, 98.0, 163.0, 594.0, 0.8575581395348837, 0.4983108108108108, 0.6259012245003625, 0.07056334676759718
ZOOKEEPER, SMOTE, None, 19, RandomForest, 93.07120594581635, 77.86707882534776, 81.93771626297578, 1084.0, 39.0, 222.0, 100.0, 0.9652715939447908, 0.9155405405405406, 0.9611033447240344, 0.7021506604127523
ZOOKEEPER, SMOTE, None, 19, IBk, 93.07120594581635, 77.86707882534776, 81.93771626297578, 1084.0, 39.0, 222.0, 100.0, 0.9652715939447908, 0.9155405405405406, 0.963349124987056, 0.7021506604127523
ZOOKEEPER, UnderSampling, BestFirst, 2, NaiveBayes, 49.82728842832469, 61.178509532062385, 61.44578313253012, 191.0, 0.0, 224.0, 166.0, 1.0, 0.5350140056022409, 0.6390556222488996, 0.47011768325513426
ZOOKEEPER, UnderSampling, BestFirst, 2, RandomForest, 49.82728842832469, 61.178509532062385, 61.44578313253012, 323.0, 1.0, 223.0, 34.0, 0.9969135802469136, 0.9047619047619048, 0.9858881052420968, 0.8762513312034079
ZOOKEEPER, UnderSampling, BestFirst, 2, IBk, 49.82728842832469, 61.178509532062385, 61.44578313253012, 323.0, 1.0, 223.0, 34.0, 0.9969135802469136, 0.9047619047619048, 0.9883203281312525, 0.8762513312034079
ZOOKEEPER, OverSampling, BestFirst, 2, NaiveBayes, 49.82728842832469, 61.178509532062385, 61.44578313253012, 191.0, 0.0, 224.0, 166.0, 1.0, 0.5350140056022409, 0.6674169667867147, 0.47011768325513426
ZOOKEEPER, OverSampling, BestFirst, 2, RandomForest, 49.82728842832469, 61.178509532062385, 61.44578313253012, 324.0, 4.0, 220.0, 33.0, 0.9878048780487805, 0.907563025210084, 0.9855379651860744, 0.8687550750032051
ZOOKEEPER, OverSampling, BestFirst, 2, IBk, 49.82728842832469, 61.178509532062385, 61.44578313253012, 323.0, 4.0, 220.0, 34.0, 0.9877675840978594, 0.9047619047619048, 0.9878701480592237, 0.8653172773080536
ZOOKEEPER, SMOTE, BestFirst, 2, NaiveBayes, 49.82728842832469, 61.178509532062385, 61.44578313253012, 191.0, 0.0, 224.0, 166.0, 1.0, 0.5350140056022409, 0.6427008303321329, 0.47011768325513426
ZOOKEEPER, SMOTE, BestFirst, 2, RandomForest, 49.82728842832469, 61.178509532062385, 61.44578313253012, 323.0, 1.0, 223.0, 34.0, 0.9969135802469136, 0.9047619047619048, 0.9880264605842337, 0.8762513312034079
ZOOKEEPER, SMOTE, BestFirst, 2, IBk, 49.82728842832469, 61.178509532062385, 61.44578313253012, 322.0, 1.0, 223.0, 35.0, 0.9969040247678018, 0.9019607843137255, 0.9886579631852741, 0.8728185919809314
ZOOKEEPER, UnderSampling, BestFirst, 3, NaiveBayes, 63.76651982378855, 61.3126079447323, 65.80547112462007, 191.0, 0.0, 225.0, 242.0, 1.0, 0.44110854503464203, 0.5729740826276623, 0.3505501945461812
ZOOKEEPER, UnderSampling, BestFirst, 3, RandomForest, 63.76651982378855, 61.3126079447323, 65.80547112462007, 341.0, 1.0, 224.0, 92.0, 0.9970760233918129, 0.7875288683602771, 0.939183987682833, 0.7137497778068838
ZOOKEEPER, UnderSampling, BestFirst, 3, IBk, 63.76651982378855, 61.3126079447323, 65.80547112462007, 341.0, 1.0, 224.0, 92.0, 0.9970760233918129, 0.7875288683602771, 0.9476417757249166, 0.7137497778068838
ZOOKEEPER, OverSampling, BestFirst, 3, NaiveBayes, 63.76651982378855, 61.3126079447323, 65.80547112462007, 191.0, 0.0, 225.0, 242.0, 1.0, 0.44110854503464203, 0.591172696946369, 0.3505501945461812
ZOOKEEPER, OverSampling, BestFirst, 3, RandomForest, 63.76651982378855, 61.3126079447323, 65.80547112462007, 341.0, 1.0, 224.0, 92.0, 0.9970760233918129, 0.7875288683602771, 0.935930202720041, 0.7137497778068838
ZOOKEEPER, OverSampling, BestFirst, 3, IBk, 63.76651982378855, 61.3126079447323, 65.80547112462007, 341.0, 1.0, 224.0, 92.0, 0.9970760233918129, 0.7875288683602771, 0.9440492686682063, 0.7137497778068838
ZOOKEEPER, SMOTE, BestFirst, 3, NaiveBayes, 63.76651982378855, 61.3126079447323, 65.80547112462007, 191.0, 0.0, 225.0, 242.0, 1.0, 0.44110854503464203, 0.6006004618937645, 0.3505501945461812
ZOOKEEPER, SMOTE, BestFirst, 3, RandomForest, 63.76651982378855, 61.3126079447323, 65.80547112462007, 341.0, 1.0, 224.0, 92.0, 0.9970760233918129, 0.7875288683602771, 0.9411547344110854, 0.7137497778068838
ZOOKEEPER, SMOTE, BestFirst, 3, IBk, 63.76651982378855, 61.3126079447323, 65.80547112462007, 341.0, 1.0, 224.0, 92.0, 0.9970760233918129, 0.7875288683602771, 0.9433153707980498, 0.7137497778068838
ZOOKEEPER, UnderSampling, BestFirst, 4, NaiveBayes, 73.31449333871619, 62.940528634361236, 65.9606656580938, 191.0, 0.0, 225.0, 245.0, 1.0, 0.4380733944954128, 0.5808715596330275, 0.34671937715565065
ZOOKEEPER, UnderSampling, BestFirst, 4, RandomForest, 73.31449333871619, 62.940528634361236, 65.9606656580938, 403.0, 1.0, 224.0, 33.0, 0.9975247524752475, 0.9243119266055045, 0.9901325178389399, 0.8892644566202847
ZOOKEEPER, UnderSampling, BestFirst, 4, IBk, 73.31449333871619, 62.940528634361236, 65.9606656580938, 403.0, 1.0, 224.0, 33.0, 0.9975247524752475, 0.9243119266055045, 0.9917737003058104, 0.8892644566202847
ZOOKEEPER, OverSampling, BestFirst, 4, NaiveBayes, 73.31449333871619, 62.940528634361236, 65.9606656580938, 191.0, 0.0, 225.0, 245.0, 1.0, 0.4380733944954128, 0.5974260958205913, 0.34671937715565065
ZOOKEEPER, OverSampling, BestFirst, 4, RandomForest, 73.31449333871619, 62.940528634361236, 65.9606656580938, 403.0, 1.0, 224.0, 33.0, 0.9975247524752475, 0.9243119266055045, 0.9888888888888889, 0.8892644566202847
ZOOKEEPER, OverSampling, BestFirst, 4, IBk, 73.31449333871619, 62.940528634361236, 65.9606656580938, 403.0, 1.0, 224.0, 33.0, 0.9975247524752475, 0.9243119266055045, 0.990316004077472, 0.8892644566202847
ZOOKEEPER, SMOTE, BestFirst, 4, NaiveBayes, 73.31449333871619, 62.940528634361236, 65.9606656580938, 191.0, 0.0, 225.0, 245.0, 1.0, 0.4380733944954128, 0.5890112130479103, 0.34671937715565065
ZOOKEEPER, SMOTE, BestFirst, 4, RandomForest, 73.31449333871619, 62.940528634361236, 65.9606656580938, 403.0, 1.0, 224.0, 33.0, 0.9975247524752475, 0.9243119266055045, 0.9937818552497452, 0.8892644566202847
ZOOKEEPER, SMOTE, BestFirst, 4, IBk, 73.31449333871619, 62.940528634361236, 65.9606656580938, 406.0, 2.0, 223.0, 30.0, 0.9950980392156863, 0.9311926605504587, 0.9937665647298675, 0.8953430838957388
ZOOKEEPER, UnderSampling, BestFirst, 5, NaiveBayes, 75.44928419128846, 63.746467501009285, 72.08436724565756, 191.0, 0.0, 225.0, 390.0, 1.0, 0.3287435456110155, 0.49677567412507173, 0.21471932848684702
ZOOKEEPER, UnderSampling, BestFirst, 5, RandomForest, 75.44928419128846, 63.746467501009285, 72.08436724565756, 451.0, 2.0, 223.0, 130.0, 0.9955849889624724, 0.7762478485370051, 0.9435647351310001, 0.6534665719925217
ZOOKEEPER, UnderSampling, BestFirst, 5, IBk, 75.44928419128846, 63.746467501009285, 72.08436724565756, 451.0, 2.0, 223.0, 130.0, 0.9955849889624724, 0.7762478485370051, 0.9601568177471792, 0.6534665719925217
ZOOKEEPER, OverSampling, BestFirst, 5, NaiveBayes, 75.44928419128846, 63.746467501009285, 72.08436724565756, 191.0, 0.0, 225.0, 390.0, 1.0, 0.3287435456110155, 0.49677567412507173, 0.21471932848684702
ZOOKEEPER, OverSampling, BestFirst, 5, RandomForest, 75.44928419128846, 63.746467501009285, 72.08436724565756, 451.0, 2.0, 223.0, 130.0, 0.9955849889624724, 0.7762478485370051, 0.9502428762669727, 0.6534665719925217
ZOOKEEPER, OverSampling, BestFirst, 5, IBk, 75.44928419128846, 63.746467501009285, 72.08436724565756, 451.0, 2.0, 223.0, 130.0, 0.9955849889624724, 0.7762478485370051, 0.9653891757506216, 0.6534665719925217
ZOOKEEPER, SMOTE, BestFirst, 5, NaiveBayes, 75.44928419128846, 63.746467501009285, 72.08436724565756, 191.0, 0.0, 225.0, 390.0, 1.0, 0.3287435456110155, 0.48218779881430485, 0.21471932848684702
ZOOKEEPER, SMOTE, BestFirst, 5, RandomForest, 75.44928419128846, 63.746467501009285, 72.08436724565756, 451.0, 2.0, 223.0, 130.0, 0.9955849889624724, 0.7762478485370051, 0.9493631669535284, 0.6534665719925217
ZOOKEEPER, SMOTE, BestFirst, 5, IBk, 75.44928419128846, 63.746467501009285, 72.08436724565756, 451.0, 2.0, 223.0, 130.0, 0.9955849889624724, 0.7762478485370051, 0.9644788678523618, 0.6534665719925217
ZOOKEEPER, UnderSampling, BestFirst, 6, NaiveBayes, 80.13180375884794, 65.79348157173317, 72.35872235872236, 191.0, 0.0, 225.0, 398.0, 1.0, 0.3242784380305603, 0.5075947934352009, 0.20967403554822628
ZOOKEEPER, UnderSampling, BestFirst, 6, RandomForest, 80.13180375884794, 65.79348157173317, 72.35872235872236, 521.0, 2.0, 223.0, 68.0, 0.9961759082217974, 0.8845500848896435, 0.9699075646104509, 0.8028878418674803
ZOOKEEPER, UnderSampling, BestFirst, 6, IBk, 80.13180375884794, 65.79348157173317, 72.35872235872236, 521.0, 2.0, 223.0, 68.0, 0.9961759082217974, 0.8845500848896435, 0.9747972080739483, 0.8028878418674803
ZOOKEEPER, OverSampling, BestFirst, 6, NaiveBayes, 80.13180375884794, 65.79348157173317, 72.35872235872236, 191.0, 0.0, 225.0, 398.0, 1.0, 0.3242784380305603, 0.5075947934352009, 0.20967403554822628
ZOOKEEPER, OverSampling, BestFirst, 6, RandomForest, 80.13180375884794, 65.79348157173317, 72.35872235872236, 521.0, 2.0, 223.0, 68.0, 0.9961759082217974, 0.8845500848896435, 0.9697943784191662, 0.8028878418674803
ZOOKEEPER, OverSampling, BestFirst, 6, IBk, 80.13180375884794, 65.79348157173317, 72.35872235872236, 521.0, 2.0, 223.0, 68.0, 0.9961759082217974, 0.8845500848896435, 0.9746840218826637, 0.8028878418674803
ZOOKEEPER, SMOTE, BestFirst, 6, NaiveBayes, 80.13180375884794, 65.79348157173317, 72.35872235872236, 191.0, 0.0, 225.0, 398.0, 1.0, 0.3242784380305603, 0.49088473872854177, 0.20967403554822628
ZOOKEEPER, SMOTE, BestFirst, 6, RandomForest, 80.13180375884794, 65.79348157173317, 72.35872235872236, 521.0, 2.0, 223.0, 68.0, 0.9961759082217974, 0.8845500848896435, 0.9701112997547633, 0.8028878418674803
ZOOKEEPER, SMOTE, BestFirst, 6, IBk, 80.13180375884794, 65.79348157173317, 72.35872235872236, 521.0, 2.0, 223.0, 68.0, 0.9961759082217974, 0.8845500848896435, 0.9750009432182607, 0.8028878418674803
ZOOKEEPER, UnderSampling, BestFirst, 7, NaiveBayes, 82.61746319822545, 67.09787649499633, 73.66589327146171, 191.0, 0.0, 227.0, 444.0, 1.0, 0.30078740157480316, 0.47678032536681814, 0.184717174858662
ZOOKEEPER, UnderSampling, BestFirst, 7, RandomForest, 82.61746319822545, 67.09787649499633, 73.66589327146171, 582.0, 2.0, 225.0, 53.0, 0.9965753424657534, 0.9165354330708662, 0.9910090533837456, 0.8466182246407289
ZOOKEEPER, UnderSampling, BestFirst, 7, IBk, 82.61746319822545, 67.09787649499633, 73.66589327146171, 584.0, 2.0, 225.0, 51.0, 0.9965870307167235, 0.9196850393700787, 0.9916403621353498, 0.851804516643852
ZOOKEEPER, OverSampling, BestFirst, 7, NaiveBayes, 82.61746319822545, 67.09787649499633, 73.66589327146171, 191.0, 85.0, 142.0, 444.0, 0.6920289855072463, 0.30078740157480316, 0.47678032536681814, -0.04884511525846322
ZOOKEEPER, OverSampling, BestFirst, 7, RandomForest, 82.61746319822545, 67.09787649499633, 73.66589327146171, 582.0, 2.0, 225.0, 53.0, 0.9965753424657534, 0.9165354330708662, 0.9906621804433036, 0.8466182246407289
ZOOKEEPER, OverSampling, BestFirst, 7, IBk, 82.61746319822545, 67.09787649499633, 73.66589327146171, 584.0, 2.0, 225.0, 51.0, 0.9965870307167235, 0.9196850393700787, 0.9912518644420549, 0.851804516643852
ZOOKEEPER, SMOTE, BestFirst, 7, NaiveBayes, 82.61746319822545, 67.09787649499633, 73.66589327146171, 191.0, 0.0, 227.0, 444.0, 1.0, 0.30078740157480316, 0.47678032536681814, 0.184717174858662
ZOOKEEPER, SMOTE, BestFirst, 7, RandomForest, 82.61746319822545, 67.09787649499633, 73.66589327146171, 582.0, 2.0, 225.0, 53.0, 0.9965753424657534, 0.9165354330708662, 0.9913073641125256, 0.8466182246407289
ZOOKEEPER, SMOTE, BestFirst, 7, IBk, 82.61746319822545, 67.09787649499633, 73.66589327146171, 584.0, 2.0, 225.0, 51.0, 0.9965870307167235, 0.9196850393700787, 0.9921814839224392, 0.851804516643852
ZOOKEEPER, UnderSampling, BestFirst, 8, NaiveBayes, 83.80936285279702, 68.23956442831216, 76.30480167014613, 191.0, 0.0, 227.0, 540.0, 1.0, 0.2612859097127223, 0.47973025907422695, 0.1435581440779824
ZOOKEEPER, UnderSampling, BestFirst, 8, RandomForest, 83.80936285279702, 68.23956442831216, 76.30480167014613, 667.0, 2.0, 225.0, 64.0, 0.9970104633781763, 0.9124487004103967, 0.9901950740341214, 0.8258767025958218
ZOOKEEPER, UnderSampling, BestFirst, 8, IBk, 83.80936285279702, 68.23956442831216, 76.30480167014613, 667.0, 2.0, 225.0, 64.0, 0.9970104633781763, 0.9124487004103967, 0.9910508204921145, 0.8258767025958218
ZOOKEEPER, OverSampling, BestFirst, 8, NaiveBayes, 83.80936285279702, 68.23956442831216, 76.30480167014613, 191.0, 85.0, 142.0, 540.0, 0.6920289855072463, 0.2612859097127223, 0.46124734085827757, -0.06692159930434037
ZOOKEEPER, OverSampling, BestFirst, 8, RandomForest, 83.80936285279702, 68.23956442831216, 76.30480167014613, 667.0, 2.0, 225.0, 64.0, 0.9970104633781763, 0.9124487004103967, 0.9913882979685061, 0.8258767025958218
ZOOKEEPER, OverSampling, BestFirst, 8, IBk, 83.80936285279702, 68.23956442831216, 76.30480167014613, 667.0, 2.0, 225.0, 64.0, 0.9970104633781763, 0.9124487004103967, 0.9922440444264992, 0.8258767025958218
ZOOKEEPER, SMOTE, BestFirst, 8, NaiveBayes, 83.80936285279702, 68.23956442831216, 76.30480167014613, 191.0, 85.0, 142.0, 540.0, 0.6920289855072463, 0.2612859097127223, 0.47973025907422695, -0.06692159930434037
ZOOKEEPER, SMOTE, BestFirst, 8, RandomForest, 83.80936285279702, 68.23956442831216, 76.30480167014613, 667.0, 2.0, 225.0, 64.0, 0.9970104633781763, 0.9124487004103967, 0.9898937548587717, 0.8258767025958218
ZOOKEEPER, SMOTE, BestFirst, 8, IBk, 83.80936285279702, 68.23956442831216, 76.30480167014613, 667.0, 2.0, 225.0, 64.0, 0.9970104633781763, 0.9124487004103967, 0.9906651319476669, 0.8258767025958218
ZOOKEEPER, UnderSampling, BestFirst, 9, NaiveBayes, 85.96542205433677, 69.54537772519858, 76.50103519668737, 191.0, 85.0, 142.0, 548.0, 0.6920289855072463, 0.2584573748308525, 0.49488831794364335, -0.0679681851048446
ZOOKEEPER, UnderSampling, BestFirst, 9, RandomForest, 85.96542205433677, 69.54537772519858, 76.50103519668737, 678.0, 2.0, 225.0, 61.0, 0.9970588235294118, 0.9174560216508796, 0.9906946522565916, 0.8335912762431847
ZOOKEEPER, UnderSampling, BestFirst, 9, IBk, 85.96542205433677, 69.54537772519858, 76.50103519668737, 678.0, 2.0, 225.0, 61.0, 0.9970588235294118, 0.9174560216508796, 0.9912430776200724, 0.8335912762431847
ZOOKEEPER, OverSampling, BestFirst, 9, NaiveBayes, 85.96542205433677, 69.54537772519858, 76.50103519668737, 191.0, 85.0, 142.0, 548.0, 0.6920289855072463, 0.2584573748308525, 0.49488831794364335, -0.0679681851048446
ZOOKEEPER, OverSampling, BestFirst, 9, RandomForest, 85.96542205433677, 69.54537772519858, 76.50103519668737, 678.0, 2.0, 225.0, 61.0, 0.9970588235294118, 0.9174560216508796, 0.9901581491836211, 0.8335912762431847
ZOOKEEPER, OverSampling, BestFirst, 9, IBk, 85.96542205433677, 69.54537772519858, 76.50103519668737, 678.0, 2.0, 225.0, 61.0, 0.9970588235294118, 0.9174560216508796, 0.9909569426478215, 0.8335912762431847
ZOOKEEPER, SMOTE, BestFirst, 9, NaiveBayes, 85.96542205433677, 69.54537772519858, 76.50103519668737, 191.0, 85.0, 142.0, 548.0, 0.6920289855072463, 0.2584573748308525, 0.49488831794364335, -0.0679681851048446
ZOOKEEPER, SMOTE, BestFirst, 9, RandomForest, 85.96542205433677, 69.54537772519858, 76.50103519668737, 678.0, 2.0, 225.0, 61.0, 0.9970588235294118, 0.9174560216508796, 0.9928764314200044, 0.8335912762431847
ZOOKEEPER, SMOTE, BestFirst, 9, IBk, 85.96542205433677, 69.54537772519858, 76.50103519668737, 678.0, 2.0, 225.0, 61.0, 0.9970588235294118, 0.9174560216508796, 0.9928764314200044, 0.8335912762431847
ZOOKEEPER, UnderSampling, BestFirst, 10, NaiveBayes, 83.9390243902439, 70.52157489466802, 82.76385725132877, 403.0, 85.0, 142.0, 687.0, 0.8258196721311475, 0.3697247706422018, 0.5636018267792912, -0.0023048425352873727
ZOOKEEPER, UnderSampling, BestFirst, 10, RandomForest, 83.9390243902439, 70.52157489466802, 82.76385725132877, 1008.0, 2.0, 225.0, 82.0, 0.998019801980198, 0.9247706422018349, 0.9911813442185669, 0.8038162794821776
ZOOKEEPER, UnderSampling, BestFirst, 10, IBk, 83.9390243902439, 70.52157489466802, 82.76385725132877, 1008.0, 2.0, 225.0, 82.0, 0.998019801980198, 0.9247706422018349, 0.9911813442185669, 0.8038162794821776
ZOOKEEPER, OverSampling, BestFirst, 10, NaiveBayes, 83.9390243902439, 70.52157489466802, 82.76385725132877, 403.0, 85.0, 142.0, 687.0, 0.8258196721311475, 0.3697247706422018, 0.5636018267792912, -0.0023048425352873727
ZOOKEEPER, OverSampling, BestFirst, 10, RandomForest, 83.9390243902439, 70.52157489466802, 82.76385725132877, 1008.0, 2.0, 225.0, 82.0, 0.998019801980198, 0.9247706422018349, 0.9916461221355535, 0.8038162794821776
ZOOKEEPER, OverSampling, BestFirst, 10, IBk, 83.9390243902439, 70.52157489466802, 82.76385725132877, 1008.0, 2.0, 225.0, 82.0, 0.998019801980198, 0.9247706422018349, 0.9916905791537001, 0.8038162794821776
ZOOKEEPER, SMOTE, BestFirst, 10, NaiveBayes, 83.9390243902439, 70.52157489466802, 82.76385725132877, 403.0, 85.0, 142.0, 687.0, 0.8258196721311475, 0.3697247706422018, 0.5636018267792912, -0.0023048425352873727
ZOOKEEPER, SMOTE, BestFirst, 10, RandomForest, 83.9390243902439, 70.52157489466802, 82.76385725132877, 1008.0, 2.0, 225.0, 82.0, 0.998019801980198, 0.9247706422018349, 0.9912662167077557, 0.8038162794821776
ZOOKEEPER, SMOTE, BestFirst, 10, IBk, 83.9390243902439, 70.52157489466802, 82.76385725132877, 1008.0, 2.0, 225.0, 82.0, 0.998019801980198, 0.9247706422018349, 0.9912662167077557, 0.8038162794821776
ZOOKEEPER, UnderSampling, BestFirst, 11, NaiveBayes, 86.08923884514435, 72.48780487804878, 81.88679245283019, 403.0, 85.0, 155.0, 682.0, 0.8258196721311475, 0.37142857142857144, 0.5654723502304148, 0.008768464738384676
ZOOKEEPER, UnderSampling, BestFirst, 11, RandomForest, 86.08923884514435, 72.48780487804878, 81.88679245283019, 995.0, 13.0, 227.0, 90.0, 0.9871031746031746, 0.9170506912442397, 0.9644642857142857, 0.767053843462231
ZOOKEEPER, UnderSampling, BestFirst, 11, IBk, 86.08923884514435, 72.48780487804878, 81.88679245283019, 995.0, 13.0, 227.0, 90.0, 0.9871031746031746, 0.9170506912442397, 0.9536290322580645, 0.767053843462231
ZOOKEEPER, OverSampling, BestFirst, 11, NaiveBayes, 86.08923884514435, 72.48780487804878, 81.88679245283019, 403.0, 85.0, 155.0, 682.0, 0.8258196721311475, 0.37142857142857144, 0.5654723502304148, 0.008768464738384676
ZOOKEEPER, OverSampling, BestFirst, 11, RandomForest, 86.08923884514435, 72.48780487804878, 81.88679245283019, 995.0, 13.0, 227.0, 90.0, 0.9871031746031746, 0.9170506912442397, 0.964318356374808, 0.767053843462231
ZOOKEEPER, OverSampling, BestFirst, 11, IBk, 86.08923884514435, 72.48780487804878, 81.88679245283019, 995.0, 13.0, 227.0, 90.0, 0.9871031746031746, 0.9170506912442397, 0.9534888632872504, 0.767053843462231
ZOOKEEPER, SMOTE, BestFirst, 11, NaiveBayes, 86.08923884514435, 72.48780487804878, 81.88679245283019, 403.0, 85.0, 155.0, 682.0, 0.8258196721311475, 0.37142857142857144, 0.5654723502304148, 0.008768464738384676
ZOOKEEPER, SMOTE, BestFirst, 11, RandomForest, 86.08923884514435, 72.48780487804878, 81.88679245283019, 999.0, 14.0, 226.0, 86.0, 0.9861796643632774, 0.9207373271889401, 0.9642146697388633, 0.7721958599821196
ZOOKEEPER, SMOTE, BestFirst, 11, IBk, 86.08923884514435, 72.48780487804878, 81.88679245283019, 999.0, 14.0, 226.0, 86.0, 0.9861796643632774, 0.9207373271889401, 0.950697004608295, 0.7721958599821196
ZOOKEEPER, UnderSampling, BestFirst, 12, NaiveBayes, 87.2013183191431, 73.79527559055119, 81.68812589413447, 590.0, 13.0, 243.0, 552.0, 0.978441127694859, 0.5166374781085814, 0.6394603081217163, 0.25642358071203036
ZOOKEEPER, UnderSampling, BestFirst, 12, RandomForest, 87.2013183191431, 73.79527559055119, 81.68812589413447, 1050.0, 29.0, 227.0, 92.0, 0.9731232622798888, 0.9194395796847635, 0.9294497728765324, 0.7359060266470159
ZOOKEEPER, UnderSampling, BestFirst, 12, IBk, 87.2013183191431, 73.79527559055119, 81.68812589413447, 1050.0, 29.0, 227.0, 92.0, 0.9731232622798888, 0.9194395796847635, 0.942422148642732, 0.7359060266470159
ZOOKEEPER, OverSampling, BestFirst, 12, NaiveBayes, 87.2013183191431, 73.79527559055119, 81.68812589413447, 590.0, 13.0, 243.0, 552.0, 0.978441127694859, 0.5166374781085814, 0.6394603081217163, 0.25642358071203036
ZOOKEEPER, OverSampling, BestFirst, 12, RandomForest, 87.2013183191431, 73.79527559055119, 81.68812589413447, 1050.0, 29.0, 227.0, 92.0, 0.9731232622798888, 0.9194395796847635, 0.9293403157837128, 0.7359060266470159
ZOOKEEPER, OverSampling, BestFirst, 12, IBk, 87.2013183191431, 73.79527559055119, 81.68812589413447, 1050.0, 29.0, 227.0, 92.0, 0.9731232622798888, 0.9194395796847635, 0.9422955888791593, 0.7359060266470159
ZOOKEEPER, SMOTE, BestFirst, 12, NaiveBayes, 87.2013183191431, 73.79527559055119, 81.68812589413447, 590.0, 98.0, 158.0, 552.0, 0.8575581395348837, 0.5166374781085814, 0.6394603081217163, 0.07928279909377196
ZOOKEEPER, SMOTE, BestFirst, 12, RandomForest, 87.2013183191431, 73.79527559055119, 81.68812589413447, 1050.0, 29.0, 227.0, 92.0, 0.9731232622798888, 0.9194395796847635, 0.9294668755472855, 0.7359060266470159
ZOOKEEPER, SMOTE, BestFirst, 12, IBk, 87.2013183191431, 73.79527559055119, 81.68812589413447, 1050.0, 29.0, 227.0, 92.0, 0.9731232622798888, 0.9194395796847635, 0.9430891528021016, 0.7359060266470159
ZOOKEEPER, UnderSampling, BestFirst, 13, NaiveBayes, 88.65351838324811, 74.80545637645335, 81.68812589413447, 590.0, 13.0, 243.0, 552.0, 0.978441127694859, 0.5166374781085814, 0.6387095008756567, 0.25642358071203036
ZOOKEEPER, UnderSampling, BestFirst, 13, RandomForest, 88.65351838324811, 74.80545637645335, 81.68812589413447, 1050.0, 29.0, 227.0, 92.0, 0.9731232622798888, 0.9194395796847635, 0.973571242885289, 0.7359060266470159
ZOOKEEPER, UnderSampling, BestFirst, 13, IBk, 88.65351838324811, 74.80545637645335, 81.68812589413447, 1050.0, 29.0, 227.0, 92.0, 0.9731232622798888, 0.9194395796847635, 0.973571242885289, 0.7359060266470159
ZOOKEEPER, OverSampling, BestFirst, 13, NaiveBayes, 88.65351838324811, 74.80545637645335, 81.68812589413447, 590.0, 13.0, 243.0, 552.0, 0.978441127694859, 0.5166374781085814, 0.6387095008756567, 0.25642358071203036
ZOOKEEPER, OverSampling, BestFirst, 13, RandomForest, 88.65351838324811, 74.80545637645335, 81.68812589413447, 1050.0, 29.0, 227.0, 92.0, 0.9731232622798888, 0.9194395796847635, 0.9730786859676007, 0.7359060266470159
ZOOKEEPER, OverSampling, BestFirst, 13, IBk, 88.65351838324811, 74.80545637645335, 81.68812589413447, 1050.0, 29.0, 227.0, 92.0, 0.9731232622798888, 0.9194395796847635, 0.9730171163528897, 0.7359060266470159
ZOOKEEPER, SMOTE, BestFirst, 13, NaiveBayes, 88.65351838324811, 74.80545637645335, 81.68812589413447, 590.0, 98.0, 158.0, 552.0, 0.8575581395348837, 0.5166374781085814, 0.6393440099605955, 0.07928279909377196
ZOOKEEPER, SMOTE, BestFirst, 13, RandomForest, 88.65351838324811, 74.80545637645335, 81.68812589413447, 1073.0, 36.0, 220.0, 69.0, 0.9675383228133454, 0.9395796847635727, 0.9733762724387041, 0.7609057533122022
ZOOKEEPER, SMOTE, BestFirst, 13, IBk, 88.65351838324811, 74.80545637645335, 81.68812589413447, 1073.0, 36.0, 220.0, 69.0, 0.9675383228133454, 0.9395796847635727, 0.9733762724387041, 0.7609057533122022
ZOOKEEPER, UnderSampling, BestFirst, 14, NaiveBayes, 89.77703293500437, 75.58639720801882, 81.75338560228083, 590.0, 13.0, 243.0, 557.0, 0.978441127694859, 0.5143853530950305, 0.6361329827811683, 0.25397959640586293
ZOOKEEPER, UnderSampling, BestFirst, 14, RandomForest, 89.77703293500437, 75.58639720801882, 81.75338560228083, 1055.0, 29.0, 227.0, 92.0, 0.9732472324723247, 0.9197907585004359, 0.9733339690496948, 0.736145801115019
ZOOKEEPER, UnderSampling, BestFirst, 14, IBk, 89.77703293500437, 75.58639720801882, 81.75338560228083, 1055.0, 29.0, 227.0, 92.0, 0.9732472324723247, 0.9197907585004359, 0.9733339690496948, 0.736145801115019
ZOOKEEPER, OverSampling, BestFirst, 14, NaiveBayes, 89.77703293500437, 75.58639720801882, 81.75338560228083, 590.0, 13.0, 243.0, 557.0, 0.978441127694859, 0.5143853530950305, 0.6361329827811683, 0.25397959640586293
ZOOKEEPER, OverSampling, BestFirst, 14, RandomForest, 89.77703293500437, 75.58639720801882, 81.75338560228083, 1050.0, 28.0, 228.0, 97.0, 0.974025974025974, 0.9154315605928509, 0.9734565714908456, 0.7296695301529266
ZOOKEEPER, OverSampling, BestFirst, 14, IBk, 89.77703293500437, 75.58639720801882, 81.75338560228083, 1050.0, 28.0, 228.0, 97.0, 0.974025974025974, 0.9154315605928509, 0.9733373746730601, 0.7296695301529266
ZOOKEEPER, SMOTE, BestFirst, 14, NaiveBayes, 89.77703293500437, 75.58639720801882, 81.75338560228083, 590.0, 98.0, 158.0, 557.0, 0.8575581395348837, 0.5143853530950305, 0.6392167747384482, 0.07756016915721531
ZOOKEEPER, SMOTE, BestFirst, 14, RandomForest, 89.77703293500437, 75.58639720801882, 81.75338560228083, 1078.0, 36.0, 220.0, 69.0, 0.9676840215439856, 0.939843068875327, 0.973323752179599, 0.7611109399400325
ZOOKEEPER, SMOTE, BestFirst, 14, IBk, 89.77703293500437, 75.58639720801882, 81.75338560228083, 1078.0, 36.0, 220.0, 69.0, 0.9676840215439856, 0.939843068875327, 0.9733067240627724, 0.7611109399400325
ZOOKEEPER, UnderSampling, BestFirst, 15, NaiveBayes, 90.71919619249074, 76.21684640046634, 81.69515669515668, 590.0, 13.0, 244.0, 557.0, 0.978441127694859, 0.5143853530950305, 0.6356219405045814, 0.2546646326130325
ZOOKEEPER, UnderSampling, BestFirst, 15, RandomForest, 90.71919619249074, 76.21684640046634, 81.69515669515668, 1055.0, 29.0, 228.0, 92.0, 0.9732472324723247, 0.9197907585004359, 0.9736378778678264, 0.7368701481348393
ZOOKEEPER, UnderSampling, BestFirst, 15, IBk, 90.71919619249074, 76.21684640046634, 81.69515669515668, 1055.0, 29.0, 228.0, 92.0, 0.9732472324723247, 0.9197907585004359, 0.9734818287598506, 0.7368701481348393
ZOOKEEPER, OverSampling, BestFirst, 15, NaiveBayes, 90.71919619249074, 76.21684640046634, 81.69515669515668, 590.0, 13.0, 244.0, 557.0, 0.978441127694859, 0.5143853530950305, 0.6356219405045814, 0.2546646326130325
ZOOKEEPER, OverSampling, BestFirst, 15, RandomForest, 90.71919619249074, 76.21684640046634, 81.69515669515668, 1055.0, 29.0, 228.0, 92.0, 0.9732472324723247, 0.9197907585004359, 0.9734004118339502, 0.7368701481348393
ZOOKEEPER, OverSampling, BestFirst, 15, IBk, 90.71919619249074, 76.21684640046634, 81.69515669515668, 1055.0, 29.0, 228.0, 92.0, 0.9732472324723247, 0.9197907585004359, 0.9733393491395249, 0.7368701481348393
ZOOKEEPER, SMOTE, BestFirst, 15, NaiveBayes, 90.71919619249074, 76.21684640046634, 81.69515669515668, 590.0, 98.0, 159.0, 557.0, 0.8575581395348837, 0.5143853530950305, 0.638693733271366, 0.07859985491970489
ZOOKEEPER, SMOTE, BestFirst, 15, RandomForest, 90.71919619249074, 76.21684640046634, 81.69515669515668, 1078.0, 36.0, 221.0, 69.0, 0.9676840215439856, 0.939843068875327, 0.973549676198101, 0.7618139751311948
ZOOKEEPER, SMOTE, BestFirst, 15, IBk, 90.71919619249074, 76.21684640046634, 81.69515669515668, 1078.0, 36.0, 221.0, 69.0, 0.9676840215439856, 0.939843068875327, 0.973563245685751, 0.7618139751311948
ZOOKEEPER, UnderSampling, BestFirst, 16, NaiveBayes, 91.47971216060954, 76.72527763088313, 81.68914123491838, 590.0, 13.0, 245.0, 561.0, 0.978441127694859, 0.5125977410947002, 0.6348254635335636, 0.25341001403145996
ZOOKEEPER, UnderSampling, BestFirst, 16, RandomForest, 91.47971216060954, 76.72527763088313, 81.68914123491838, 1056.0, 30.0, 228.0, 95.0, 0.9723756906077348, 0.9174630755864466, 0.9704267943614922, 0.72985347283043
ZOOKEEPER, UnderSampling, BestFirst, 16, IBk, 91.47971216060954, 76.72527763088313, 81.68914123491838, 1056.0, 30.0, 228.0, 95.0, 0.9723756906077348, 0.9174630755864466, 0.9715666861980482, 0.72985347283043
ZOOKEEPER, OverSampling, BestFirst, 16, NaiveBayes, 91.47971216060954, 76.72527763088313, 81.68914123491838, 590.0, 13.0, 245.0, 561.0, 0.978441127694859, 0.5125977410947002, 0.6348254635335636, 0.25341001403145996
ZOOKEEPER, OverSampling, BestFirst, 16, RandomForest, 91.47971216060954, 76.72527763088313, 81.68914123491838, 1056.0, 30.0, 228.0, 95.0, 0.9723756906077348, 0.9174630755864466, 0.9707130301254723, 0.72985347283043
ZOOKEEPER, OverSampling, BestFirst, 16, IBk, 91.47971216060954, 76.72527763088313, 81.68914123491838, 1056.0, 30.0, 228.0, 95.0, 0.9723756906077348, 0.9174630755864466, 0.9718428195232995, 0.72985347283043
ZOOKEEPER, SMOTE, BestFirst, 16, NaiveBayes, 91.47971216060954, 76.72527763088313, 81.68914123491838, 590.0, 98.0, 160.0, 561.0, 0.8575581395348837, 0.5125977410947002, 0.6380868675031486, 0.07826678247921573
ZOOKEEPER, SMOTE, BestFirst, 16, RandomForest, 91.47971216060954, 76.72527763088313, 81.68914123491838, 1079.0, 37.0, 221.0, 72.0, 0.9668458781362007, 0.9374456993918332, 0.9708814041042841, 0.7543376132290206
ZOOKEEPER, SMOTE, BestFirst, 16, IBk, 91.47971216060954, 76.72527763088313, 81.68914123491838, 1079.0, 37.0, 221.0, 72.0, 0.9668458781362007, 0.9374456993918332, 0.9718226146458422, 0.7543376132290206
ZOOKEEPER, UnderSampling, BestFirst, 17, NaiveBayes, 92.0255982192543, 77.14821309790167, 81.99581297976273, 590.0, 13.0, 245.0, 585.0, 0.978441127694859, 0.502127659574468, 0.6304139864753422, 0.2422039150212588
ZOOKEEPER, UnderSampling, BestFirst, 17, RandomForest, 92.0255982192543, 77.14821309790167, 81.99581297976273, 1043.0, 17.0, 241.0, 132.0, 0.9839622641509433, 0.8876595744680851, 0.9665000824674254, 0.7000133472894464
ZOOKEEPER, UnderSampling, BestFirst, 17, IBk, 92.0255982192543, 77.14821309790167, 81.99581297976273, 1043.0, 17.0, 241.0, 132.0, 0.9839622641509433, 0.8876595744680851, 0.9663747319808675, 0.7000133472894464
ZOOKEEPER, OverSampling, BestFirst, 17, NaiveBayes, 92.0255982192543, 77.14821309790167, 81.99581297976273, 590.0, 13.0, 245.0, 585.0, 0.978441127694859, 0.502127659574468, 0.6304139864753422, 0.2422039150212588
ZOOKEEPER, OverSampling, BestFirst, 17, RandomForest, 92.0255982192543, 77.14821309790167, 81.99581297976273, 1058.0, 30.0, 228.0, 117.0, 0.9724264705882353, 0.9004255319148936, 0.9658469404585189, 0.6929639298098323
ZOOKEEPER, OverSampling, BestFirst, 17, IBk, 92.0255982192543, 77.14821309790167, 81.99581297976273, 1043.0, 17.0, 241.0, 132.0, 0.9839622641509433, 0.8876595744680851, 0.9658469404585189, 0.7000133472894464
ZOOKEEPER, SMOTE, BestFirst, 17, NaiveBayes, 92.0255982192543, 77.14821309790167, 81.99581297976273, 590.0, 98.0, 160.0, 585.0, 0.8575581395348837, 0.502127659574468, 0.6166699653636813, 0.07041644861375339
ZOOKEEPER, SMOTE, BestFirst, 17, RandomForest, 92.0255982192543, 77.14821309790167, 81.99581297976273, 1081.0, 37.0, 221.0, 94.0, 0.9669051878354203, 0.92, 0.9661504205838694, 0.7149531787861257
ZOOKEEPER, SMOTE, BestFirst, 17, IBk, 92.0255982192543, 77.14821309790167, 81.99581297976273, 1081.0, 37.0, 221.0, 94.0, 0.9669051878354203, 0.92, 0.966051459673429, 0.7149531787861257
ZOOKEEPER, UnderSampling, BestFirst, 18, NaiveBayes, 92.58114374034004, 77.53478018920423, 82.01388888888889, 590.0, 13.0, 246.0, 591.0, 0.978441127694859, 0.4995766299745978, 0.6290493953491413, 0.24016794301259578
ZOOKEEPER, UnderSampling, BestFirst, 18, RandomForest, 92.58114374034004, 77.53478018920423, 82.01388888888889, 1045.0, 17.0, 242.0, 136.0, 0.9839924670433146, 0.8848433530906011, 0.9656514504101295, 0.6946260166658352
ZOOKEEPER, UnderSampling, BestFirst, 18, IBk, 92.58114374034004, 77.53478018920423, 82.01388888888889, 1045.0, 17.0, 242.0, 136.0, 0.9839924670433146, 0.8848433530906011, 0.965569718744994, 0.6946260166658352
ZOOKEEPER, OverSampling, BestFirst, 18, NaiveBayes, 92.58114374034004, 77.53478018920423, 82.01388888888889, 590.0, 13.0, 246.0, 591.0, 0.978441127694859, 0.4995766299745978, 0.6290493953491413, 0.24016794301259578
ZOOKEEPER, OverSampling, BestFirst, 18, RandomForest, 92.58114374034004, 77.53478018920423, 82.01388888888889, 1045.0, 17.0, 242.0, 136.0, 0.9839924670433146, 0.8848433530906011, 0.9659718385374609, 0.6946260166658352
ZOOKEEPER, OverSampling, BestFirst, 18, IBk, 92.58114374034004, 77.53478018920423, 82.01388888888889, 1045.0, 17.0, 242.0, 136.0, 0.9839924670433146, 0.8848433530906011, 0.9657691440079247, 0.6946260166658352
ZOOKEEPER, SMOTE, BestFirst, 18, NaiveBayes, 92.58114374034004, 77.53478018920423, 82.01388888888889, 590.0, 98.0, 161.0, 591.0, 0.8575581395348837, 0.4995766299745978, 0.6168942621101808, 0.06953364143808904
ZOOKEEPER, SMOTE, BestFirst, 18, RandomForest, 92.58114374034004, 77.53478018920423, 82.01388888888889, 1083.0, 37.0, 222.0, 98.0, 0.9669642857142857, 0.9170194750211685, 0.9659554922044338, 0.7089820359281437
ZOOKEEPER, SMOTE, BestFirst, 18, IBk, 92.58114374034004, 77.53478018920423, 82.01388888888889, 1083.0, 37.0, 222.0, 98.0, 0.9669642857142857, 0.9170194750211685, 0.9659554922044338, 0.7089820359281437
ZOOKEEPER, UnderSampling, BestFirst, 19, NaiveBayes, 93.07120594581635, 77.86707882534776, 81.93771626297578, 590.0, 13.0, 248.0, 594.0, 0.978441127694859, 0.4983108108108108, 0.628756989748369, 0.24013978901699803
ZOOKEEPER, UnderSampling, BestFirst, 19, RandomForest, 93.07120594581635, 77.86707882534776, 81.93771626297578, 1046.0, 19.0, 242.0, 138.0, 0.9821596244131455, 0.8834459459459459, 0.9610936367401884, 0.6883230180591715
ZOOKEEPER, UnderSampling, BestFirst, 19, IBk, 93.07120594581635, 77.86707882534776, 81.93771626297578, 1046.0, 19.0, 242.0, 138.0, 0.9821596244131455, 0.8834459459459459, 0.9631128973801387, 0.6883230180591715
ZOOKEEPER, OverSampling, BestFirst, 19, NaiveBayes, 93.07120594581635, 77.86707882534776, 81.93771626297578, 590.0, 13.0, 248.0, 594.0, 0.978441127694859, 0.4983108108108108, 0.628756989748369, 0.24013978901699803
ZOOKEEPER, OverSampling, BestFirst, 19, RandomForest, 93.07120594581635, 77.86707882534776, 81.93771626297578, 1046.0, 19.0, 242.0, 138.0, 0.9821596244131455, 0.8834459459459459, 0.9606697214455835, 0.6883230180591715
ZOOKEEPER, OverSampling, BestFirst, 19, IBk, 93.07120594581635, 77.86707882534776, 81.93771626297578, 1046.0, 19.0, 242.0, 138.0, 0.9821596244131455, 0.8834459459459459, 0.9629155017086052, 0.6883230180591715
ZOOKEEPER, SMOTE, BestFirst, 19, NaiveBayes, 93.07120594581635, 77.86707882534776, 81.93771626297578, 590.0, 98.0, 163.0, 594.0, 0.8575581395348837, 0.4983108108108108, 0.6259012245003625, 0.07056334676759718
ZOOKEEPER, SMOTE, BestFirst, 19, RandomForest, 93.07120594581635, 77.86707882534776, 81.93771626297578, 1084.0, 39.0, 222.0, 100.0, 0.9652715939447908, 0.9155405405405406, 0.9611033447240344, 0.7021506604127523
ZOOKEEPER, SMOTE, BestFirst, 19, IBk, 93.07120594581635, 77.86707882534776, 81.93771626297578, 1084.0, 39.0, 222.0, 100.0, 0.9652715939447908, 0.9155405405405406, 0.963349124987056, 0.7021506604127523
